Area Code,Day Mins,State,Prob,Eve Mins,Population variance of CustServ Calls,Population variance of Intl Mins
408,278.4,AK,2.143344585e-11,81,0,0
415,278,AK,0.008141052,253.2,0,0
415,262.3,AK,0.151518597,198.9,0,0
415,252.4,AK,0.111987487,187.8,0,0
415,248.7,AK,0.040660196,172.3,0,0
408,245,AK,2.143344585e-11,216.9,0,0
415,242.5,AK,0.138260460,102.8,0,0
510,238.4,AK,2.143344585e-11,246.5,0,0
408,225.1,AK,2.143344585e-11,199.2,0,0
408,217,AK,2.143344585e-11,152.3,0,0
415,211.7,AK,0.046210432,159.9,0,0
415,203.9,AK,0.199415058,187.6,0,0
415,195.9,AK,0.240292034,228.6,0,0
510,190.9,AK,2.143344585e-11,226.6,0,0
510,190.3,AK,2.143344585e-11,194.5,0,0
510,185,AK,2.143344585e-11,232.5,0,0
408,183.6,AK,2.143344585e-11,58.6,0,0
510,183.2,AK,2.143344585e-11,126.8,0,0
510,182.5,AK,2.143344585e-11,204.7,0,0
408,182.3,AK,2.143344585e-11,169.9,0,0
415,181.5,AK,0.256715517,205.1,0,0
510,181.1,AK,2.143344585e-11,314.4,0,0
415,178.4,AK,0.035154727,168.3,0,0
415,175.7,AK,0.086207611,187.2,0,0
408,175.2,AK,2.143344585e-11,151.7,0,0
510,174.9,AK,2.143344585e-11,262,0,0
415,172.8,AK,0.549660477,183.1,0,0
510,172.5,AK,2.143344585e-11,142.6,0,0
415,170.9,AK,0.031199553,201.4,0,0
415,160.1,AK,0.300009186,168.7,0,0
408,159.5,AK,2.143344585e-11,167.2,0,0
415,159.3,AK,0.032511077,125.9,0,0
408,150.8,AK,2.143344585e-11,295.9,0,0
408,150,AK,2.143344585e-11,159.4,0,0
415,148.4,AK,0.008156833,193.8,0,0
510,148.3,AK,2.143344585e-11,181.6,0,0
408,146.3,AK,2.143344585e-11,162.5,0,0
510,135.8,AK,2.143344585e-11,200.6,0,0
510,133,AK,2.143344585e-11,262.8,0,0
415,103,AK,0.023780685,242.3,0,0
408,100.1,AK,2.143344585e-11,233.3,0,0
408,83.2,AK,2.143344585e-11,190.6,0,0
415,58.2,AK,0.740119020,138.7,0,0
510,308,AL,2.143344585e-11,247.8,0,0
408,267.9,AL,1.000000000,223,0,0
408,264.9,AL,1.000000000,281.2,0,0
415,264.4,AL,2.220446049e-16,219.6,0,0
415,262.9,AL,2.220446049e-16,149.5,0,0
415,254.4,AL,2.220446049e-16,161.7,0,0
408,246.6,AL,1.633731746e-10,141.4,0,0
415,242.9,AL,2.220446049e-16,170.9,0,0
408,242.8,AL,7.328351200e-11,234.1,0,0
408,242.2,AL,3.966815862e-10,159.7,0,0
415,237.7,AL,2.220446049e-16,207.1,0,0
408,237.2,AL,2.220446049e-16,222.6,0,0
415,232.5,AL,2.220446049e-16,205.5,0,0
510,232.4,AL,2.143344585e-11,186,0,0
510,230.9,AL,2.143344585e-11,187.4,0,0
415,230.3,AL,2.220446049e-16,77.9,0,0
415,229.9,AL,8.122140681e-10,202.4,0,0
408,224.7,AL,2.220446049e-16,129.4,0,0
510,223.4,AL,2.143344585e-11,220.6,0,0
415,223,AL,2.220446049e-16,110.1,0,0
408,218.9,AL,2.220446049e-16,299.9,0,0
415,217.8,AL,2.220446049e-16,189.7,0,0
415,214.4,AL,2.220446049e-16,235.2,0,0
415,212.9,AL,2.220446049e-16,187,0,0
408,209.5,AL,2.220446049e-16,172.8,0,0
510,207.6,AL,2.143344585e-11,132.4,0,0
408,202.3,AL,2.220446049e-16,201.5,0,0
415,200.6,AL,2.220446049e-16,289.5,0,0
415,194.6,AL,2.220446049e-16,232.8,0,0
510,194.4,AL,2.143344585e-11,254.9,0,0
415,192.7,AL,2.220446049e-16,225.9,0,0
510,192.3,AL,2.143344585e-11,88.7,0,0
415,192.2,AL,2.220446049e-16,168.6,0,0
415,191.9,AL,0.999999999,256.1,0,0
415,190.3,AL,2.220446049e-16,249,0,0
510,189.4,AL,2.143344585e-11,219,0,0
415,183.4,AL,2.220446049e-16,237.6,0,0
415,181.9,AL,2.220446049e-16,151.5,0,0
415,178,AL,2.220446049e-16,153.8,0,0
415,177.5,AL,2.220446049e-16,287.4,0,0
408,169.3,AL,2.220446049e-16,156,0,0
415,166.5,AL,2.220446049e-16,261,0,0
415,163,AL,2.220446049e-16,219.1,0,0
415,161.9,AL,2.054469919e-13,230.1,0,0
408,161,AL,2.220446049e-16,190.9,0,0
415,160.3,AL,2.220446049e-16,221.3,0,0
510,158.7,AL,2.143344585e-11,181.7,0,0
415,154,AL,2.220446049e-16,185.5,0,0
510,153.4,AL,2.143344585e-11,198.5,0,0
408,151.8,AL,2.220446049e-16,103.6,0,0
415,143.1,AL,2.220446049e-16,239.6,0,0
408,141.3,AL,2.220446049e-16,168,0,0
415,128.3,AL,1.000000000,197.1,0,0
408,128.2,AL,2.220446049e-16,133.2,0,0
415,128.1,AL,2.220446049e-16,143.4,0,0
408,127.9,AL,2.220446049e-16,271.2,0,0
415,127.3,AL,1,222.3,0,0
510,109.4,AL,2.143344585e-11,207.5,0,0
415,103.3,AL,2.220446049e-16,138.5,0,0
415,98.8,AL,2.220446049e-16,146.9,0,0
415,95,AL,3.975090825e-10,291.2,0,0
408,86.8,AL,2.220446049e-16,108.1,0,0
408,83.6,AL,2.220446049e-16,203.9,0,0
408,268,AR,5.639373561e-12,153.6,0,0
415,267.8,AR,0.997095777,316.4,0,0
415,253,AR,0.302976936,138.9,0,0
408,251.9,AR,1.093697974e-11,194.6,0,0
415,247.6,AR,0.209054901,256.3,0,0
415,247.5,AR,0.349638206,225.4,0,0
510,242.3,AR,1.000000000,350.9,0,0
415,238.9,AR,0.219406310,187.2,0,0
415,227.1,AR,0.964433601,120.5,0,0
415,224.2,AR,0.088850600,314.9,0,0
415,215.1,AR,0.058460348,197.4,0,0
510,214.9,AR,3.654482366e-11,198.2,0,0
415,209.7,AR,0.118622293,183.6,0,0
408,206.9,AR,2.220446049e-16,167.7,0,0
415,199.2,AR,0.642363176,187.3,0,0
408,197,AR,2.220446049e-16,202.6,0,0
510,192.8,AR,3.615730018e-11,158,0,0
408,185.8,AR,2.588593576e-11,192.3,0,0
415,185.4,AR,0.419065257,197.6,0,0
415,178.8,AR,0.027887419,178.4,0,0
510,175.4,AR,2.220446049e-16,250.7,0,0
510,172.7,AR,2.117586466e-12,139.1,0,0
510,170.7,AR,2.220446049e-16,240.2,0,0
415,164,AR,0.002021159,153.1,0,0
510,160.7,AR,2.220446049e-16,146.8,0,0
415,157.6,AR,0.005347209,184.3,0,0
415,157.3,AR,0.003576938,257.7,0,0
415,157,AR,0.220696182,256.9,0,0
408,154.6,AR,2.220446049e-16,263,0,0
408,152.9,AR,8.069057027e-11,171.2,0,0
408,152.2,AR,3.277268235e-12,177.2,0,0
510,148.5,AR,7.554633409e-12,146.5,0,0
510,146.5,AR,2.220446049e-16,284.5,0,0
415,146.3,AR,0.031848712,218.7,0,0
408,145.7,AR,2.220446049e-16,191,0,0
415,143.2,AR,0.627238667,179.5,0,0
510,142.5,AR,2.220446049e-16,195.7,0,0
415,139.3,AR,0.999165825,192.3,0,0
408,136.2,AR,2.220446049e-16,165.1,0,0
415,133.3,AR,0.626369103,182.9,0,0
510,133.1,AR,2.220446049e-16,221.2,0,0
415,124.3,AR,0.012776414,173,0,0
415,122.2,AR,0.960245565,131.7,0,0
415,111.2,AR,0.990730141,263.5,0,0
408,107.3,AR,1.000000000,238.2,0,0
415,96.7,AR,0.119344250,193.8,0,0
415,69.4,AR,0.002785011,190.8,0,0
408,55.3,AR,2.390336756e-11,164.7,0,0
510,272.4,AZ,2.220446049e-16,107.9,0,0
415,271.6,AZ,2.114699691e-10,229.4,0,0
415,268.4,AZ,1.000000000,150.6,0,0
415,253.5,AZ,2.220446049e-16,117.9,0,0
408,249.6,AZ,1.000000000,252.4,0,0
408,239.9,AZ,4.693030227e-11,174.8,0,0
408,238.1,AZ,2.633477050e-11,187.2,0,0
415,232.4,AZ,2.220446049e-16,153.3,0,0
415,220.8,AZ,2.895798394e-10,156.2,0,0
415,220.7,AZ,3.168635521e-11,119.3,0,0
510,215.4,AZ,2.220446049e-16,328.7,0,0
415,210.7,AZ,1.357412399e-10,219.2,0,0
510,205.2,AZ,2.220446049e-16,240.6,0,0
510,204.5,AZ,2.220446049e-16,139.6,0,0
415,198.2,AZ,2.220446049e-16,207.3,0,0
415,194.9,AZ,2.220446049e-16,191.6,0,0
415,193.3,AZ,2.220446049e-16,154.7,0,0
415,183,AZ,2.220446049e-16,72.9,0,0
408,181.8,AZ,2.220446049e-16,202.4,0,0
415,179.3,AZ,2.220446049e-16,252.7,0,0
415,179.2,AZ,2.220446049e-16,210.7,0,0
415,179.1,AZ,2.220446049e-16,190.6,0,0
510,178.7,AZ,1.705431143e-10,215.7,0,0
408,173.2,AZ,2.220446049e-16,196.8,0,0
415,172.8,AZ,2.220446049e-16,193.4,0,0
408,170.1,AZ,1.749460940e-11,193.3,0,0
408,169.7,AZ,5.402691316e-13,165.9,0,0
408,167.6,AZ,2.220446049e-16,332.2,2.25,0.0625
408,158,AZ,2.220446049e-16,207.9,0,0
415,156.2,AZ,2.220446049e-16,215.5,0,0
415,155.9,AZ,2.220446049e-16,162.3,0,0
510,154,AZ,1.000000000,198.9,0,0
415,153.7,AZ,2.220446049e-16,137.8,0,0
408,150.2,AZ,2.007088440e-11,185.7,0,0
408,149.8,AZ,2.220446049e-16,164.4,0,0
415,142.9,AZ,2.220446049e-16,88.6,0,0
415,141.1,AZ,2.220446049e-16,147.2,0,0
415,137.8,AZ,2.220446049e-16,235.5,0,0
408,137.3,AZ,2.220446049e-16,184.2,0,0
415,134.2,AZ,2.220446049e-16,211.9,0,0
415,131.1,AZ,2.220446049e-16,176.2,0,0
510,121.5,AZ,3.223327029e-13,271.4,0,0
510,110.9,AZ,4.494828947e-11,158.5,0,0
415,104.7,AZ,2.220446049e-16,82.2,0,0
415,98.2,AZ,2.220446049e-16,180.5,0,0
510,92,AZ,2.160677807e-11,253.6,0,0
415,87.6,AZ,2.220446049e-16,266.9,0,0
510,81.3,AZ,2.220446049e-16,220.6,0,0
510,78.7,AZ,2.220446049e-16,225.6,0,0
415,58.9,AZ,2.220446049e-16,169.6,0,0
415,280,CA,0.138082753,202.2,0,0
415,268.6,CA,0.308655225,178.2,0,0
415,252.1,CA,0.028229673,226.1,0,0
408,249.8,CA,1.000000000,242.4,0,0
510,239.9,CA,1,261.6,0,0
415,218,CA,0.465560252,114.4,0,0
415,210.3,CA,0.186371710,241.8,0,0
415,208.7,CA,0.114849682,212.8,0,0
415,199.3,CA,0.352885170,193.4,0,0
510,196.2,CA,1.000000000,176.5,0,0
415,191.1,CA,0.107495619,129.2,0,0
415,189.6,CA,0.623901262,179,0,0
510,183.4,CA,5.430572605e-12,195.5,0,0
415,183.4,CA,0.039203621,281.3,0,0
415,183,CA,0.361960240,206.7,0,0
415,178.7,CA,0.049740088,178.6,0,0
415,165.8,CA,0.000786061,186.9,0,0
510,163.6,CA,5.532239797e-11,146.7,0,0
510,157.6,CA,1.000000000,194.1,0,0
510,155.9,CA,5.044844212e-11,224.2,0,0
415,149.9,CA,0.966752830,170.9,0,0
408,139.6,CA,5.826214639e-11,250.2,0,0
510,134.8,CA,2.220446049e-16,204.1,0,0
415,111.9,CA,0.837637159,114,0,0
415,109.6,CA,0.417888655,249.3,0,0
510,107.9,CA,2.220446049e-16,187,0,0
415,350.8,CO,0.633699601,216.5,0,0
415,294.9,CO,0.213941627,165.7,0,0
510,283.2,CO,2.143344585e-11,239.7,0,0
415,277.5,CO,0.233315394,131.8,0,0
408,277,CO,0.597445277,238.3,0,0
408,271.8,CO,0.716424259,237.2,0,0
408,270.9,CO,0.558684564,226.2,0,0
408,257.1,CO,0.323881168,312.2,0,0
408,237.1,CO,0.061574358,223.5,0,0
408,236.2,CO,0.146015377,189.4,0,0
415,225.2,CO,0.021197052,215.1,0,0
415,221.6,CO,0.243928192,285.2,0,0
415,217.8,CO,0.075021746,214.7,0,0
415,215.6,CO,0.003761259,195.3,0,0
415,211.8,CO,0.294950713,230.9,0,0
415,211.2,CO,0.010381213,252.7,0,0
510,205.5,CO,2.143344585e-11,219.3,0,0
415,204.5,CO,0.490698891,162.4,0,0
408,199.5,CO,0.243678818,207.5,0,0
408,198.4,CO,0.724862018,75.3,0,0
415,197.8,CO,0.385589277,133.9,0,0
415,194.8,CO,0.069837520,209.9,0,0
408,190.2,CO,0.561835496,166.4,0,0
408,188.8,CO,0.501563078,217.4,0,0
415,184.7,CO,0.078532058,262,0,0
408,183.8,CO,0.180295701,229.7,0,0
510,182.1,CO,2.143344585e-11,164.6,0,0
408,171.8,CO,0.078922528,301.7,0,0
415,170.8,CO,0.078093703,236.7,0,0
408,167.7,CO,0.100588061,93.7,0,0
510,158.8,CO,2.143344585e-11,188.5,0,0
510,153.6,CO,2.143344585e-11,205.5,0,0
415,153.5,CO,0.042815646,241.9,0,0
408,151.5,CO,0.044368062,147.8,0,0
408,150.5,CO,0.367315120,152.9,0,0
415,149.7,CO,0.078528455,212.5,0,0
415,148.6,CO,0.005263284,131.1,0,0
408,141.7,CO,0.093251719,268.3,0,0
415,138.1,CO,0.010206895,164.5,0,0
415,133.8,CO,0.007587778,180.5,0,0
415,131.8,CO,0.018891925,136.7,0,0
415,127,CO,0.002932279,323.2,0,0
408,125.1,CO,0.087130203,248.8,0,0
408,124.3,CO,0.010722664,207.1,0,0
408,120.5,CO,0.027524424,227.8,0,0
510,117.6,CO,2.143344585e-11,159.2,0,0
408,115.3,CO,0.004743252,224.7,0,0
415,85.9,CO,0.000584555,193.9,0,0
408,62.4,CO,0.569173861,169.9,0,0
510,61.9,CO,2.143344585e-11,262.6,0,0
415,30.9,CO,0.000240939,187,0,0
510,321.6,CT,1.000000000,251.6,0,0
408,301.7,CT,1.238527186e-09,167.1,0,0
408,294.2,CT,1.000000000,232.5,0,0
415,283.1,CT,0.511894625,286.2,0,0
415,271.1,CT,0.360954182,237.4,0,0
415,245,CT,0.799705710,250.7,0,0
415,240,CT,0.605932765,134.1,0,0
408,239.1,CT,2.220446049e-16,209.1,0,0
415,234.9,CT,0.939562100,270.8,0,0
408,231.9,CT,2.220446049e-16,211.8,0,0
415,229.4,CT,0.134509564,257.4,0,0
415,225.3,CT,0.886961442,108.2,0,0
415,221.8,CT,0.140179925,166,0,0
510,220.8,CT,4.816146699e-12,265.7,0,0
415,215.3,CT,0.676892111,242.4,0,0
510,213.8,CT,2.220446049e-16,159.6,0,0
408,213.4,CT,2.220446049e-16,204.9,0,0
415,213,CT,0.248192942,226.2,0,0
408,207.7,CT,2.220446049e-16,210.6,0,0
415,206.1,CT,0.133511207,224.6,0,0
510,203.8,CT,6.472084052e-12,205.1,0,0
408,202,CT,0.999999998,184.3,0,0
408,198.6,CT,2.220446049e-16,213.9,0,0
415,198.4,CT,0.117512651,235.9,0,0
510,196.6,CT,4.056155577e-11,180.6,0,0
408,190,CT,2.220446049e-16,116.6,0,0
510,189.3,CT,3.521011844e-11,220.9,0,0
415,187.3,CT,0.298425742,160.7,0,0
408,186.7,CT,2.220446049e-16,335,0,0
408,177.2,CT,2.220446049e-16,228.7,0,0
415,177.1,CT,0.018463108,163.7,0,0
415,175.9,CT,0.596959271,285.2,0,0
510,174.8,CT,2.393352840e-11,219.6,0,0
415,171.9,CT,0.223977648,159,0,0
510,165.4,CT,2.220446049e-16,183.7,0,0
510,165.3,CT,2.220446049e-16,223.5,0,0
415,162.3,CT,0.177168842,149.1,0,0
415,161.8,CT,0.025717622,273,0,0
415,151,CT,0.035146426,120.6,0,0
415,146.7,CT,0.012852631,274,0,0
415,142.4,CT,0.016909042,318.7,0,0
408,137.6,CT,1.367120625e-09,162,0,0
415,137.4,CT,0.009052535,176.7,0,0
408,134.9,CT,2.220446049e-16,248.4,0,0
415,126,CT,0.012784291,144.3,0,0
415,124.4,CT,0.005930694,320.9,0,0
408,118.1,CT,2.220446049e-16,144.3,0,0
415,115.5,CT,0.000669762,252.2,0,0
415,115,CT,0.004956001,137.8,0,0
510,107.2,CT,2.220446049e-16,86.8,0,0
408,103.4,CT,2.220446049e-16,189.3,0,0
415,100.1,CT,0.000810767,246.3,0,0
408,95.4,CT,5.765806654e-10,207.2,0,0
408,90.7,CT,2.220446049e-16,207.5,0,0
415,82.3,CT,0.004208542,167.2,0,0
510,81.6,CT,2.220446049e-16,235.6,0,0
408,49.2,CT,2.220446049e-16,143.9,0,0
415,37.8,CT,0.000157897,155.3,0,0
408,306.2,DC,1.925593055e-12,189.7,0,0
415,257.3,DC,0.008674559,184.8,0,0
415,252.9,DC,0.029588622,284.3,0,0
415,244.1,DC,0.036846161,203.4,0,0
408,239.8,DC,2.220446049e-16,221.9,0,0
415,231.8,DC,0.004942787,232.9,0,0
510,227.4,DC,2.143344585e-11,211.5,0,0
415,224.4,DC,0.018385398,147.9,0,0
510,222.6,DC,2.143344585e-11,190.3,0,0
415,221.6,DC,0.030083291,130.2,0,0
415,219.5,DC,0.016322896,222.1,0,0
510,219.2,DC,2.143344585e-11,206,0,0
408,215.9,DC,2.220446049e-16,200.6,0,0
415,211,DC,0.120372415,217,0,0
415,209.2,DC,0.234172781,116.6,0,0
510,204.5,DC,2.143344585e-11,208.8,0,0
510,203.2,DC,2.143344585e-11,152.5,0,0
415,202,DC,0.024219576,243.2,0,0
415,190.6,DC,0.126895204,220.1,0,0
415,186.8,DC,0.029598506,173.7,0,0
415,185.4,DC,0.203681363,178.5,0,0
510,184.1,DC,2.143344585e-11,204.9,0,0
408,178.7,DC,2.220446049e-16,271,0,0
415,169.8,DC,0.016243902,65.2,0,0
408,168.6,DC,8.088897579e-11,356.3,0.25,1.102500000
415,167.3,DC,0.041191792,230,0,0
408,164.5,DC,4.933103698e-11,230.9,0,0
415,161.4,DC,0.004217159,220.6,0,0
415,152.8,DC,0.018567548,183.6,0,0
408,149,DC,1.000000000,131,0,0
415,147.1,DC,0.504280320,161,0,0
415,146.4,DC,0.019737915,196.5,0,0
510,143.9,DC,2.143344585e-11,194.9,0,0
415,142,DC,0.049856849,241.6,0,0
510,138.6,DC,2.143344585e-11,172.3,0,0
415,133.3,DC,0.026715423,255.5,0,0
510,132.4,DC,2.143344585e-11,200.3,0,0
408,132,DC,2.220446049e-16,173.3,0,0
408,124.7,DC,2.220446049e-16,250.4,0,0
415,123.7,DC,0.026031622,248.5,0,0
510,122.4,DC,2.143344585e-11,143.8,0,0
408,122,DC,9.849061557e-11,138.3,0,0
510,107.7,DC,2.143344585e-11,188.9,0,0
415,96.1,DC,0.037677799,246.8,0,0
415,85.7,DC,0.156303079,247.7,0,0
408,83,DC,2.220446049e-16,177,0,0
510,68.5,DC,2.143344585e-11,337.1,0,0
415,57.1,DC,0.215393037,199.7,0,0
408,51.5,DC,2.220446049e-16,164,0,0
510,334.3,DE,1.000000000,192.1,0,0
415,254.8,DE,2.220446049e-16,143.4,0,0
510,250.6,DE,2.220446049e-16,187.9,0,0
415,243.1,DE,2.220446049e-16,213.8,0,0
415,222.8,DE,5.814728429e-12,180.5,0,0
415,217.4,DE,2.220446049e-16,213.8,0,0
408,215.6,DE,2.143344585e-11,192.9,0,0
415,214.1,DE,2.220446049e-16,240.5,0,0
510,211.5,DE,1.267122487e-10,184.6,0,0
510,209.4,DE,2.220446049e-16,132.5,0,0
510,200.6,DE,1.014495951e-10,164.1,0,0
415,198.5,DE,2.220446049e-16,266.6,0,0
415,197.9,DE,2.220446049e-16,181.5,0,0
408,197.1,DE,2.143344585e-11,165.9,0,0
415,197,DE,2.220446049e-16,269.3,0,0
415,195.9,DE,1.408069059e-10,227,0,0
408,187,DE,2.143344585e-11,134.6,0,0
510,186.9,DE,2.220446049e-16,240,0,0
510,184.2,DE,2.220446049e-16,181.6,0,0
408,182.3,DE,2.143344585e-11,328.2,0,0
510,181.5,DE,2.220446049e-16,196.9,0,0
415,179.9,DE,2.220446049e-16,189.2,0,0
415,177.2,DE,2.220446049e-16,248.9,0,0
415,176.8,DE,2.220446049e-16,224.7,0,0
415,175.8,DE,2.220446049e-16,206.6,0,0
510,171.5,DE,1.000000000,160,0,0
510,169.6,DE,2.220446049e-16,264.1,0,0
415,168.8,DE,9.073664532e-11,241.4,0,0
510,157.1,DE,1.000000000,184.9,0,0
415,153.6,DE,1.000000000,232.9,0,0
415,150,DE,2.220446049e-16,293.8,0,0
510,148.5,DE,2.220446049e-16,276.4,0,0
415,140.7,DE,2.220446049e-16,210.9,0,0
408,139,DE,2.143344585e-11,132.9,0,0
415,128.6,DE,1.686638455e-10,134,0,0
408,127.7,DE,2.143344585e-11,182.9,0,0
408,126.7,DE,2.143344585e-11,206,0,0
408,117.1,DE,2.143344585e-11,249.6,0,0
415,103.7,DE,2.220446049e-16,236.3,0,0
415,101.7,DE,2.220446049e-16,202.8,0,0
408,101.1,DE,2.143344585e-11,214.4,0,0
408,94.4,DE,2.143344585e-11,215.1,0,0
415,86.5,DE,2.220446049e-16,285.2,0,0
408,288.1,FL,2.143344585e-11,137.9,0,0
510,278.5,FL,0.641458388,240.7,0,0
415,267.4,FL,4.692903735e-11,204.2,0,0
415,266.6,FL,1.000000000,264.8,0,0
415,242.5,FL,2.220446049e-16,162.3,0,0
408,228.6,FL,2.143344585e-11,248.5,0,0
510,226.7,FL,0.929620348,228.1,0,0
510,226.2,FL,0.314731676,181.6,0,0
510,210.7,FL,0.255313694,238.7,0,0
408,207.9,FL,2.143344585e-11,233.5,0,0
415,207.3,FL,4.360817098e-11,137.3,0,0
415,207.1,FL,2.220446049e-16,200.1,0,0
510,203.1,FL,0.561008085,210.1,0,0
415,202.3,FL,3.465559853e-11,69.2,0,0
510,201.7,FL,0.050365012,169.4,0,0
408,199.2,FL,2.143344585e-11,214.7,0,0
415,197.4,FL,2.220446049e-16,123.4,0,0
415,193.4,FL,1.256911333e-11,240.6,0,0
510,192.1,FL,0.164068239,312.9,0,0
415,181.8,FL,2.220446049e-16,198.6,0,0
415,181.4,FL,2.220446049e-16,167.7,0,0
415,176,FL,3.160276482e-11,277.9,0,0
408,165.9,FL,2.143344585e-11,216.5,0,0
415,162.8,FL,2.220446049e-16,290.3,0,0
510,159.6,FL,0.090820815,276.8,0,0
415,158.7,FL,2.220446049e-16,198.4,0,0
415,156.1,FL,2.220446049e-16,180.3,0,0
408,155.3,FL,2.143344585e-11,265.7,0,0
415,155.1,FL,2.220446049e-16,239.7,0,0
415,153.5,FL,2.220446049e-16,219.1,0,0
415,151.4,FL,2.220446049e-16,186.4,0,0
510,148.2,FL,0.084948990,159.6,0,0
408,146.4,FL,2.143344585e-11,176.6,0,0
510,142.1,FL,0.172873426,183.4,0,0
510,130.5,FL,0.379716205,208.4,0,0
510,130.2,FL,0.489528966,290.9,0,0
510,118.5,FL,0.546817758,213.9,0,0
408,116.2,FL,2.143344585e-11,229.7,0,0
415,113.9,FL,2.220446049e-16,145.3,0,0
415,109.2,FL,1.545098706e-12,153.1,0,0
510,107,FL,0.425486256,105.7,0,0
510,93.5,FL,0.141065030,183.4,0,0
510,92.6,FL,0.496044058,177.6,0,0
415,76.4,FL,2.220446049e-16,115.6,0,0
408,55.6,FL,2.143344585e-11,288.7,0,0
510,47.7,FL,0.256133064,264.4,0,0
510,288.1,GA,0.378642809,258,0,0
415,287.4,GA,1,259.6,0,0
415,258.4,GA,7.581236348e-10,126.8,0,0
415,249.5,GA,2.220446049e-16,259.7,0,0
510,243.1,GA,0.148728249,231.4,0,0
408,239.2,GA,2.220446049e-16,235.5,0,0
415,236.1,GA,2.220446049e-16,289.2,0,0
408,234.5,GA,2.623864326e-11,195.2,0,0
510,230.5,GA,0.477433726,265.8,0,0
408,227.4,GA,2.220446049e-16,176,0,0
408,222.1,GA,1.000000000,160.6,0,0
415,220,GA,2.220446049e-16,217.3,0,0
510,216.9,GA,0.472727119,211,0,0
408,214.3,GA,1.409645685e-12,289.8,0,0
415,213,GA,0.999999999,176.6,0,0
510,208,GA,0.011856610,198.9,0,0
408,203.6,GA,8.985678037e-11,161.7,0,0
415,200.1,GA,2.220446049e-16,188.9,0,0
415,197.1,GA,2.220446049e-16,259.4,0,0
510,194.5,GA,0.002198969,186.3,0,0
415,193.3,GA,0.999999999,128.3,0,0
510,189.8,GA,0.009533461,163.3,0,0
415,181.8,GA,2.220446049e-16,228.1,0,0
415,179.5,GA,2.220446049e-16,191.9,0,0
415,174.3,GA,7.413410582e-10,171.3,0,0
408,169.9,GA,2.220446049e-16,138.3,0,0
408,165.4,GA,8.284273067e-11,115.7,0,0
415,164.6,GA,2.220446049e-16,262.8,0,0
415,163.4,GA,2.220446049e-16,249.3,0,0
408,157.6,GA,2.220446049e-16,198.3,0,0
510,149.9,GA,0.018656098,256.1,0,0
510,140,GA,0.279745948,196.4,0,0
415,127.1,GA,2.220446049e-16,172.1,0,0
408,126.3,GA,2.220446049e-16,166.8,0,0
510,124.1,GA,0.073320574,202.6,0,0
408,124.1,GA,2.220446049e-16,192.8,0,0
415,121,GA,2.220446049e-16,270.4,0,0
415,117.3,GA,2.220446049e-16,201.1,0,0
510,115.4,GA,0.123441864,178.7,0,0
415,113.2,GA,4.949383664e-10,189.3,0,0
408,98.2,GA,2.220446049e-16,186.7,0,0
510,72.7,GA,0.000750409,208.6,0,0
510,71.2,GA,0.002964180,304.4,0,0
415,291.6,HI,1.000000000,221.1,0,0
415,281.3,HI,1.000000000,301.5,0,0
415,276.2,HI,2.402414222e-10,165.8,0,0
415,253.2,HI,2.220446049e-16,438.9,1,0
408,242.4,HI,2.240733817e-11,152.9,0,0
415,241.9,HI,2.220446049e-16,145.2,0,0
415,235.8,HI,1.373888895e-10,157.2,0,0
415,235.6,HI,2.529680796e-10,115.9,0,0
510,218.9,HI,2.143344585e-11,208,0,0
415,214,HI,2.220446049e-16,192.4,0,0
415,211.7,HI,2.220446049e-16,139.2,0,0
415,211.1,HI,2.220446049e-16,176.7,0,0
408,197.9,HI,2.220446049e-16,165.6,0,0
415,197.3,HI,2.220446049e-16,305.8,0,0
415,194.2,HI,2.220446049e-16,173.4,0,0
415,190.9,HI,2.220446049e-16,161.4,0,0
510,189.8,HI,2.143344585e-11,173.7,0,0
510,189.3,HI,2.143344585e-11,155.9,0,0
408,187.3,HI,1.026150029e-11,239.7,0,0
408,181.4,HI,2.220446049e-16,253.8,0,0
415,174,HI,2.220446049e-16,205.3,0,0
510,166.6,HI,2.143344585e-11,218.8,0,0
415,156.2,HI,2.220446049e-16,90,0,0
415,154.6,HI,2.220446049e-16,245.6,0,0
408,151.4,HI,2.220446049e-16,152.4,0,0
408,150.9,HI,2.220446049e-16,268.6,0,0
415,147.9,HI,2.220446049e-16,209.3,0,0
415,145,HI,2.220446049e-16,194.5,0,0
408,139,HI,7.592299233e-11,250.7,0,0
408,135.7,HI,1.000000000,208.4,0,0
415,133.4,HI,2.220446049e-16,121,0,0
510,125.4,HI,2.143344585e-11,261.5,0,0
415,124.6,HI,2.220446049e-16,146.4,0,0
415,124.2,HI,2.220446049e-16,123.9,0,0
415,121.1,HI,2.220446049e-16,260.2,0,0
510,119.3,HI,2.143344585e-11,215.1,0,0
415,114.1,HI,2.220446049e-16,161.5,0,0
408,110.3,HI,2.220446049e-16,182.4,0,0
408,102.3,HI,2.436698248e-11,135.2,0,0
510,93.8,HI,2.143344585e-11,150,0,0
415,62.9,HI,2.220446049e-16,231,0,0
415,41.9,HI,2.220446049e-16,211,0,0
415,308.6,IA,1.000000000,150.8,0,0
510,261.4,IA,1.000000000,215.7,0,0
510,256.3,IA,4.602399940e-10,180.2,0,0
415,233.9,IA,2.220446049e-16,218.9,0,0
415,216.8,IA,2.915792591e-11,293,0,1.440000000
415,216,IA,6.817770731e-11,186.9,0,0
415,211.3,IA,4.928709331e-11,165.7,0,0
408,210.9,IA,2.143344585e-11,329.3,0,0
408,208,IA,2.143344585e-11,185,0,0
510,203.5,IA,2.220446049e-16,289.6,0,0
510,198.3,IA,2.769249142e-10,217.1,0,0
408,193.8,IA,2.143344585e-11,221.4,0,0
408,191.9,IA,2.143344585e-11,269.8,0,0
510,187.5,IA,2.220446049e-16,241.4,0,0
408,186.2,IA,2.143344585e-11,189.6,0,0
415,174.4,IA,2.220446049e-16,196.7,0,0
510,169.7,IA,0.999999998,141.4,0,0
510,161.2,IA,2.220446049e-16,252.2,0,0
408,158.8,IA,2.143344585e-11,264.8,0,0
415,158,IA,2.220446049e-16,292.5,0,0
510,156,IA,2.220446049e-16,256.8,0,0
415,155.4,IA,2.220446049e-16,164.1,0,0
510,153.5,IA,2.220446049e-16,287.3,0,0
415,150.4,IA,2.220446049e-16,230.5,0,0
510,141.4,IA,2.220446049e-16,186.4,0,0
510,139.1,IA,1.482578348e-09,246,0,0
415,138.5,IA,2.220446049e-16,153.2,0,0
415,136.1,IA,2.220446049e-16,204.2,0,0
510,134,IA,2.220446049e-16,206,0,0
408,126.3,IA,2.143344585e-11,168.8,0,0
415,120.7,IA,3.264013130e-11,307.2,0,0
415,118.4,IA,2.220446049e-16,144.1,0,0
415,113.7,IA,2.220446049e-16,165.1,0,0
510,88.1,IA,2.220446049e-16,175.9,0,0
510,274.4,ID,2.220446049e-16,198.6,0,0
510,270.8,ID,3.554749722e-09,220.4,0,0
415,266.9,ID,0.367616742,229.7,0,0
510,264.3,ID,2.220446049e-16,202.8,0,0
415,263.7,ID,0.468962993,186.5,0,0
415,251.8,ID,0.589453315,205.7,0,0
415,251.6,ID,0.251771932,197.6,0,0
415,247,ID,0.501890391,125.6,0,0
408,239.8,ID,2.143344585e-11,214.8,0,0
408,236.3,ID,2.143344585e-11,190.8,0,0
415,235.7,ID,0.253883465,136.9,0,0
510,232.6,ID,2.220446049e-16,153.2,0,0
408,232.6,ID,2.143344585e-11,253.4,0,0
415,225.2,ID,0.025912275,173.4,0,0
510,222.5,ID,2.220446049e-16,171.5,0,0
510,221.1,ID,2.220446049e-16,178.6,0,0
415,221.1,ID,0.143226143,110.8,0,0
415,220.7,ID,0.201279947,177.8,0,0
510,211.1,ID,2.220446049e-16,223.5,0,0
415,202.1,ID,0.461446502,195.7,0,0
415,201.3,ID,0.051327097,203.7,0,0
415,197.2,ID,0.075063113,242.3,0,0
408,196.4,ID,2.143344585e-11,280.9,0,0
415,194.8,ID,0.079909074,292.7,0,0
415,194.2,ID,0.122229691,193.8,0,0
510,193.9,ID,2.220446049e-16,189.8,0,0
408,192.1,ID,2.143344585e-11,169.9,0,0
408,190.4,ID,2.143344585e-11,158.1,0,0
510,189.5,ID,2.220446049e-16,207,0,0
510,186.2,ID,2.220446049e-16,286.7,0,0
415,184.1,ID,0.172278713,211.7,0,0
415,181.6,ID,0.053759294,213.2,0,0
510,178.1,ID,2.220446049e-16,242.8,0,0
415,177.3,ID,0.015356829,152.8,0,0
415,174.7,ID,0.911327620,148,0,0
415,173.1,ID,0.139649163,240.3,0,0
415,173,ID,0.043655480,209.4,0,0
415,172.9,ID,0.025676394,137.6,0,0
415,172.3,ID,0.065866817,266.2,0,0
408,170.5,ID,2.143344585e-11,277.5,0,0
415,167.7,ID,0.066417615,246.8,0,0
415,167.4,ID,0.603437100,258.6,0,0
510,162.3,ID,0.999999988,279.3,0,0
408,159.7,ID,2.143344585e-11,155.4,0,0
415,156.8,ID,0.129457772,215.8,0,0
510,154.4,ID,2.220446049e-16,203.8,0,0
510,150.9,ID,9.712169002e-09,161.8,0,0
415,148.2,ID,0.008975942,161.8,0,0
415,145.6,ID,0.032541521,98.3,0,0
415,140.4,ID,0.031083082,187.1,0,0
408,125.2,ID,2.143344585e-11,205.4,0,0
510,122.9,ID,2.220446049e-16,233.5,0,0
510,111.4,ID,2.265036182e-09,175,0,0
415,103.5,ID,0.635401785,117.9,0,0
408,102.8,ID,2.143344585e-11,143.7,0,0
415,96.8,ID,0.180939564,142.6,0,0
510,93.6,ID,2.032209117e-09,193.8,0,0
415,92.2,ID,0.012142171,211.2,0,0
415,85.8,ID,0.254755491,165.3,0,0
415,70.9,ID,0.023305036,134.5,0,0
408,268.4,IL,4.118417479e-11,174.4,0,0
415,266.1,IL,0.103144682,182,0,0
510,263.4,IL,4.567884690e-11,151.9,0,0
408,237.3,IL,1.000000000,176.7,0,0
415,236.8,IL,0.091040701,265.3,0,0
408,234.5,IL,2.220446049e-16,164.2,0,0
510,231.3,IL,5.988128814e-11,171.7,0,0
408,230.7,IL,1.848699768e-12,233.8,0,0
510,220.2,IL,5.027663391e-13,188.4,0,0
415,210.5,IL,0.076578256,250.5,0,0
415,210.4,IL,0.155034959,225.5,0,0
408,208.7,IL,2.220446049e-16,275.5,0,0
415,207,IL,0.083735339,173.8,0,0
415,201.9,IL,0.096101065,212.3,0,0
415,198.7,IL,0.143756575,209.5,0,0
415,198.4,IL,0.043395613,264.7,0,0
408,198.2,IL,2.220446049e-16,202.8,0,0
415,195,IL,0.148842441,210.5,0,0
510,192,IL,2.220446049e-16,139.5,0,0
415,191.9,IL,0.074210186,200.9,0,0
510,186.1,IL,1.000000000,198.6,0,0
415,185.6,IL,0.043415274,219.7,0,0
408,183.8,IL,2.220446049e-16,123.5,0,0
510,181.5,IL,2.220446049e-16,130.7,0,0
408,175.3,IL,3.867548144e-11,144.3,0,0
415,174.5,IL,0.124239292,197.4,0,0
408,171.2,IL,6.502926261e-12,185.8,0,0
510,169.3,IL,2.220446049e-16,217.9,0,0
510,164.6,IL,2.220446049e-16,270.6,0,0
415,163.3,IL,0.153518904,136,0,0
415,155.9,IL,0.020006196,256.1,0,0
510,154.1,IL,1.995061364e-10,195.3,0,0
415,144.6,IL,0.069522025,140,0,0
415,142.8,IL,0.062489507,272.3,0,0
408,134.5,IL,2.220446049e-16,143.1,0,0
510,128.2,IL,2.220446049e-16,48.1,0,0
415,124.8,IL,0.098489048,257.2,0,0
510,116.1,IL,2.220446049e-16,201.8,0,0
415,114.3,IL,0.064323009,199.8,0,0
415,112.6,IL,0.112606559,261.7,0,0
415,110,IL,0.117197754,147.3,0,0
415,109.1,IL,0.095745187,217.4,0,0
510,108.3,IL,2.220446049e-16,183.6,0,0
415,84.8,IL,0.022607473,136.7,0,0
510,300.4,IN,2.163985037e-11,133.2,0,0
408,296.4,IN,1.000000000,214.8,0,0
510,293,IN,1.291147815e-10,160.6,0,0
415,288.5,IN,0.025029480,203.4,0,0
510,287.4,IN,1,235.3,0,0
408,280.4,IN,2.220446049e-16,179.4,0,0
415,253.4,IN,0.030136552,182.4,0,0
510,249.9,IN,1.000000000,254.5,0,0
415,248.8,IN,0.169737526,140.3,0,0
510,247.8,IN,2.220446049e-16,130,0,0
415,243.8,IN,0.075733249,83.9,0,0
408,240.9,IN,4.012814140e-10,167.4,0,0
510,240.4,IN,2.220446049e-16,201.8,0,0
510,237.7,IN,2.220446049e-16,181.5,0,0
510,234.8,IN,2.220446049e-16,140.9,0,0
415,226.4,IN,0.109571614,276.8,0,0
415,224.1,IN,0.101941576,238.8,0,0
415,222.1,IN,0.132773688,199.4,0,0
408,220.6,IN,2.831500825e-11,211.1,0,0
510,219.9,IN,2.220446049e-16,143.3,0,0
415,219.7,IN,0.068556064,186.8,0,0
415,218.7,IN,0.028815891,155,0,0
510,216.3,IN,2.220446049e-16,266.3,0,0
510,216.2,IN,2.220446049e-16,215.6,0,0
510,214.8,IN,2.220446049e-16,149.7,0,0
415,213.4,IN,0.133086795,234.5,0,0
415,209.4,IN,0.086988992,347.3,0,0
415,209.2,IN,0.003903982,159.7,0,0
415,208.9,IN,0.003886563,252.4,0,0
415,206.7,IN,0.132627551,281.1,0,0
510,204.2,IN,1.605680214e-10,179.9,0,0
415,201.1,IN,0.259546735,170.7,0,0
415,199.3,IN,0.007818926,224.2,0,0
415,197.2,IN,0.054717579,156,0,0
415,196,IN,0.085150781,322.7,0,0
510,189.5,IN,2.220446049e-16,204.9,0,0
415,189.3,IN,0.092653511,174.9,0,0
408,185.9,IN,2.220446049e-16,212,0,0
408,185.3,IN,2.220446049e-16,219.1,0,0
408,185,IN,2.220446049e-16,249.5,0,0
415,183.2,IN,0.022634924,179.2,0,0
415,183.1,IN,0.137374534,147.4,0,0
408,175.5,IN,2.220446049e-16,249.3,0,0
408,170.5,IN,2.220446049e-16,173.7,0,0
408,168.3,IN,8.779695625e-10,270.9,0,0
415,166.2,IN,0.030695096,255.3,0,0
415,160.5,IN,0.366106496,240.5,0,0
415,158.7,IN,0.131399129,160.5,0,0
408,157.9,IN,0.999999999,155,0,0
510,154.5,IN,2.220446049e-16,193.6,0,0
415,151.8,IN,0.624213375,138,0,0
415,137.8,IN,0.428550819,225.8,0,0
510,135.4,IN,2.220446049e-16,238.1,0,0
415,129.1,IN,0.744894611,228.5,0,0
415,125.2,IN,0.103691534,230.9,0,0
415,118.4,IN,0.807762427,249.3,0,0
408,115.6,IN,2.220446049e-16,167.8,0,0
408,113.8,IN,2.220446049e-16,192.3,0,0
510,101.9,IN,2.220446049e-16,223.1,0,0
408,64.6,IN,2.220446049e-16,176.1,0,0
510,49.9,IN,2.888047934e-11,150.7,0,0
408,321.3,KS,0.738400916,167.9,0,0
415,293.3,KS,0.731810299,188.5,0,0
415,273.9,KS,0.532807818,278.6,0,0
510,268.1,KS,4.424250040e-09,120.5,0,0
415,267.9,KS,0.243357830,263.3,0,0
415,265.1,KS,0.230248233,197.4,0,0
415,260.5,KS,0.159806758,102.4,0,0
510,250.3,KS,0.999999996,260.6,0,0
415,249.6,KS,0.464779104,227.2,0,0
408,246.4,KS,0.657086380,182,0,0
510,243,KS,0.999999996,183.9,0,0
510,238.8,KS,2.220446049e-16,230,0,0
510,233.2,KS,3.953244509e-09,113.3,0,0
408,232.1,KS,0.074461056,292.3,0,0
415,231.5,KS,0.028966324,266.9,0,0
415,231.3,KS,0.052260436,224.7,0,0
415,230.2,KS,0.857834730,220.4,0,0
415,225.9,KS,0.890521431,275.6,0,0
408,225.5,KS,0.004901937,246.3,0,0
415,222.8,KS,0.001165784,215.9,0,0
510,217.7,KS,2.220446049e-16,273.5,0,0
510,208,KS,1.881854119e-09,95.1,0,0
415,207.6,KS,0.278820456,251.6,0,0
415,199.5,KS,0.482484728,135,0,0
408,194.8,KS,0.039710846,167.2,0,0
415,191.3,KS,0.152540361,193.9,0,0
415,190.1,KS,0.105711337,182.2,0,0
510,189.5,KS,2.220446049e-16,189.8,0,0
408,186.6,KS,0.810574670,222,0,0
415,184.8,KS,0.021172098,248.6,0,0
415,184.1,KS,0.162055322,194.5,0,0
510,183.9,KS,2.220446049e-16,240.7,0,0
510,178.6,KS,2.220446049e-16,213.1,0,0
415,177.9,KS,0.137892403,167.3,0,0
415,175.8,KS,0.034193201,253.6,0,0
415,174.6,KS,0.024633468,310.6,0,0
510,161.2,KS,2.220446049e-16,204.2,0,0
415,158.6,KS,0.153955347,211.2,0,0
415,158.1,KS,0.010551681,115.2,0,0
510,158,KS,2.220446049e-16,197,0,0
510,154,KS,2.220446049e-16,205.9,0,0
408,150.7,KS,0.130563105,197.3,0,0
510,144.1,KS,2.220446049e-16,167.6,0,0
510,137.8,KS,2.220446049e-16,187.7,0,0
415,131.6,KS,0.241458995,211.3,0,0
510,129,KS,2.220446049e-16,188,0,0
510,115.4,KS,2.220446049e-16,262.6,0,0
415,103.3,KS,0.000357872,245.9,0,0
415,83.4,KS,0.000613985,232.2,0,0
408,62.8,KS,0.099446723,170.4,0,0
408,62.6,KS,0.444854367,180.6,0,0
415,314.6,KY,0.604949800,169.8,0,0
415,295.4,KY,0.215574460,232.1,0,0
415,279.9,KY,0.338483516,223.1,0,0
415,274.7,KY,0.545306388,193.5,0,0
415,255.9,KY,0.642394270,204.1,0,0
408,253.7,KY,6.896477926e-11,229.2,0,0
415,247.2,KY,0.446344196,303.7,0,0
415,236.8,KY,0.153729045,186.4,0,0
510,234.7,KY,2.220446049e-16,195.7,0,0
510,222.8,KY,2.220446049e-16,163.2,0,0
415,220,KY,0.219298296,207.7,0,0
415,215.6,KY,0.142110263,193.4,0,0
408,214.7,KY,2.220446049e-16,138.5,0,0
408,212.8,KY,2.220446049e-16,204.1,0,0
408,209.9,KY,2.220446049e-16,195.1,0,0
415,204,KY,0.087551498,225.1,0,0
415,198.4,KY,0.028117899,216.9,0,0
415,196.6,KY,0.051724602,313.2,0,0
415,194,KY,0.036131279,241,0,0
415,193.7,KY,0.066742276,154.2,0,0
408,191.6,KY,2.220446049e-16,205.6,0,0
510,184.6,KY,2.220446049e-16,196,0,0
408,177.2,KY,2.220446049e-16,142.6,0,0
408,177.1,KY,5.396032729e-12,184.7,0,0
415,175.6,KY,0.081045318,238,0,0
415,172.5,KY,0.010967297,253.1,0,0
415,170.5,KY,0.011173973,193.2,0,0
415,169.8,KY,0.061871854,173.7,0,0
415,168.3,KY,0.061666862,87.6,0,0
415,168,KY,0.760789035,163.2,0,0
415,166.5,KY,0.023117162,210.2,0,0
408,159.8,KY,2.029615029e-12,264,0,0
408,157.8,KY,1.000000000,161.5,0,0
510,157.3,KY,2.220446049e-16,197.5,0,0
415,157.1,KY,0.028514975,162.6,0,0
415,154.1,KY,0.058782145,123.4,0,0
415,146.7,KY,0.151567691,148.3,0,0
415,145,KY,0.086891113,175.8,0,0
510,144.1,KY,1.750756470e-10,249.8,0,0
510,141.4,KY,8.978977122e-13,163,0,0
408,135.4,KY,2.608864051e-11,205.9,0,0
408,135,KY,2.220446049e-16,183.6,0,0
415,130.5,KY,0.006266464,131.2,0,0
510,125.8,KY,1.000000000,207.7,0,0
408,115.4,KY,2.220446049e-16,166.2,0,0
415,108.6,KY,0.014561393,206.4,0,0
415,105.3,KY,0.054460758,197.4,0,0
415,104,KY,0.009866172,197,0,0
510,99.7,KY,2.220446049e-16,145.1,0,0
510,99.4,KY,2.220446049e-16,275,0,0
408,94.9,KY,2.220446049e-16,253.2,0,0
510,88.8,KY,5.297190439e-12,109.6,0,0
510,88.5,KY,1.919328164e-11,324.8,0,0
408,73.8,KY,6.978911405e-11,143.4,0,0
510,310.4,LA,4.351420254e-11,66.5,0,0
510,276.6,LA,2.220446049e-16,220.1,0,0
415,241.9,LA,0.115703968,129.4,0,0
415,241.1,LA,0.077970418,155.6,0,0
415,228.7,LA,0.139885468,163,0,0
408,224,LA,2.143344585e-11,233.5,0,0
408,220.7,LA,2.143344585e-11,270.2,0,0
408,219.2,LA,2.143344585e-11,149.4,0,0
415,214.1,LA,0.061873662,169.2,0,0
510,212.3,LA,7.094177440e-12,251.5,0,0
415,212.1,LA,0.027688838,189.4,0,0
415,203.4,LA,0.080637102,190.9,0,0
408,202,LA,2.143344585e-11,163.5,0,0
415,198.9,LA,0.493972844,274,0,0
415,197.7,LA,0.207741769,127.6,0,0
408,187.4,LA,2.143344585e-11,177.8,0,0
415,186.8,LA,0.024747810,207.6,0,0
510,184.5,LA,2.844159601e-11,183.2,0,0
408,184.5,LA,2.143344585e-11,351.6,0,0
408,183.3,LA,2.143344585e-11,205.1,0,0
408,181.5,LA,2.143344585e-11,218.4,0,0
415,179.3,LA,0.164764610,178.6,0,0
408,178.7,LA,2.143344585e-11,292.1,0,0
415,170.5,LA,0.028259171,217.2,0,0
415,169.2,LA,0.114971735,149.9,0,0
415,166.9,LA,0.408970075,221.2,0,0
415,155,LA,0.068354153,142.4,0,0
510,153.2,LA,6.758643972e-11,210.8,0,0
415,148.5,LA,0.021545125,243,0,0
415,147.7,LA,0.052917783,283.3,0,0
408,147.2,LA,2.143344585e-11,175.2,0,0
415,146.6,LA,0.079377035,114.8,0,0
415,145.1,LA,0.038295202,233.7,0,0
510,143.3,LA,1.000000000,230.7,0,0
510,142.3,LA,2.083487024e-13,204.5,0,0
415,141.1,LA,0.038157667,460.5,0.25,6.002500000
415,136.6,LA,0.217568172,209.4,0,0
408,136.1,LA,2.143344585e-11,156.3,0,0
415,128.8,LA,0.051105258,157.3,0,0
415,115.9,LA,0.308542395,236.6,0,0
408,82.6,LA,2.143344585e-11,204,0,0
415,58.4,LA,0.176949749,262.2,0,0
415,293.7,MA,1.000000000,272.5,0,0
510,290.4,MA,1.000000000,253.9,0,0
415,284.4,MA,1,157,0,0
510,271.4,MA,1.000000000,190.4,0,0
415,264.8,MA,1,245.4,0,0
408,241.2,MA,0.149466627,116.5,0,0
510,233.8,MA,5.647638928e-11,221.6,0,0
510,220.8,MA,2.632001863e-11,148.5,0,0
408,220.4,MA,8.712917228e-11,211.2,0,0
510,218.2,MA,5.905010188e-11,348.5,0,0
408,217.6,MA,0.002720500,320.5,0,0
408,216.8,MA,2.220446049e-16,187.8,0,0
408,209.8,MA,2.220446049e-16,155,0,0
415,209.4,MA,2.220446049e-16,237.4,0,0
408,204.9,MA,0.006474436,201,0,0
408,195.4,MA,6.296209405e-09,268.2,0,0
510,195.1,MA,2.220446049e-16,261.5,0,0
510,192.9,MA,2.220446049e-16,185.5,0,0
408,190.3,MA,0.000482852,256.6,0,0
408,186.9,MA,0.489125745,182.6,0,0
415,185,MA,2.220446049e-16,223.3,0,0
415,183.2,MA,3.598295677e-11,252.8,0,0
415,183.1,MA,2.220446049e-16,160.1,0,0
415,178.1,MA,2.220446049e-16,236.7,0,0
408,176.9,MA,0.194579862,167.9,0,0
510,176.3,MA,2.220446049e-16,259.2,0,0
415,175.8,MA,1.384488164e-10,274.3,0,0
408,174.4,MA,1.814225838e-06,265.8,0,0
415,173.9,MA,2.220446049e-16,287.4,0,0
415,173,MA,1.993876321e-11,190.4,0,0
415,162.8,MA,1.000000000,229.6,0,0
415,161.7,MA,2.220446049e-16,207.6,0,0
408,160,MA,4.553107517e-06,175.4,0,0
415,159.7,MA,1.000000000,197.5,0,0
408,157.9,MA,0.145478254,234,0,0
415,156.9,MA,2.220446049e-16,122.2,0,0
510,154.2,MA,2.220446049e-16,196.7,0,0
510,149.8,MA,2.220446049e-16,276.3,0,0
408,148.6,MA,0.012419324,210.8,0,0
408,147.2,MA,0.866661674,160.1,0,0
415,147,MA,2.220446049e-16,197.3,0,0
408,139.4,MA,1.725896446e-10,223.7,0,0
415,137.3,MA,2.220446049e-16,212.2,0,0
415,117.6,MA,2.220446049e-16,214,0,0
408,94.1,MA,1.785594593e-11,280.3,0,0
408,60.4,MA,2.024741264e-09,306.2,0,0
408,58.9,MA,0.132584350,305.5,0,0
408,321.1,MD,1,265.5,0,0
408,312,MD,1.000000000,129.4,0,0
510,295,MD,0.773996788,223.6,0,0
415,294.9,MD,1,192.8,0,0
510,276.7,MD,0.035417807,203.7,0,0
415,273.8,MD,2.220446049e-16,119.6,0,0
408,273.6,MD,2.220446049e-16,114.6,0,0
415,273.3,MD,1,263.6,0,0
415,271.1,MD,8.590508155e-10,172,0,0
415,260,MD,0.999999999,210.5,0,0
415,256,MD,5.556420201e-10,187.4,0,0
510,254.7,MD,0.112652619,90.2,0,0
415,252.4,MD,2.220446049e-16,167.9,0,0
415,250.2,MD,1.000000000,267.1,0,0
408,239.1,MD,1,243.5,0,0
415,236.7,MD,2.220446049e-16,263.5,0,0
408,226.3,MD,4.104365151e-10,223,0,0
415,224.9,MD,9.243694920e-10,143.8,0,0
408,223,MD,2.220446049e-16,227,0,0
415,218,MD,2.220446049e-16,184,0,0
510,216,MD,0.000904820,188.2,0,0
510,213.9,MD,0.107058619,151.9,0,0
415,209.8,MD,2.220446049e-16,171.3,0,0
408,206.9,MD,2.220446049e-16,224.4,0,0
415,204.5,MD,2.220446049e-16,132.8,0,0
408,201.9,MD,2.220446049e-16,154.7,0,0
415,200.3,MD,2.220446049e-16,220.4,0,0
415,198.2,MD,2.220446049e-16,280.4,0,0
415,198.1,MD,2.220446049e-16,177,0,0
408,196.5,MD,2.539305142e-10,241.3,0,0
510,195.6,MD,0.131720775,126.4,0,0
510,190.7,MD,0.175272548,183.5,0,0
415,188.9,MD,2.220446049e-16,160.9,0,0
415,181.6,MD,2.220446049e-16,335.7,0,0
408,173.1,MD,1.000000000,203.9,0,0
415,170.4,MD,2.220446049e-16,200.2,0,0
408,170.2,MD,2.220446049e-16,155.2,0,0
510,169.5,MD,0.279702892,157.6,0,0
415,167.4,MD,2.220446049e-16,172.7,0,0
415,165.3,MD,2.220446049e-16,210,0,0
408,159.4,MD,1.000000000,179.5,0,0
415,155.7,MD,2.220446049e-16,173.7,0,0
415,155.2,MD,2.220446049e-16,195.5,0,0
510,154.5,MD,0.890851647,214.2,0,0
408,137.1,MD,2.220446049e-16,209.8,0,0
415,136.1,MD,2.220446049e-16,181.4,0,0
510,131.4,MD,0.068762717,219.7,0,0
415,129.5,MD,2.220446049e-16,354.2,0,0
510,123.1,MD,0.841367264,213.9,0,0
415,114.4,MD,2.220446049e-16,127.7,0,0
408,107.9,MD,2.220446049e-16,140.4,0,0
415,106.6,MD,2.220446049e-16,147.4,0,0
510,103.1,MD,0.470518512,243,0,0
415,78.2,MD,2.220446049e-16,253.4,0,0
510,78.1,MD,0.111772993,239.3,0,0
408,322.3,ME,0.849400515,222,0,0
510,264.5,ME,0.671409302,194,0,0
408,254.9,ME,0.626300117,243.2,0,0
415,252.9,ME,0.067230097,178.4,0,0
510,242.6,ME,0.169268542,209,0,0
408,237.6,ME,0.338493201,192.4,0,0
415,236.8,ME,0.083314137,167.1,0,0
510,229.3,ME,0.115663759,184.5,0,0
415,223.2,ME,0.118704023,214.4,0,0
415,222.4,ME,0.139373923,185.8,0,0
408,221.9,ME,0.244979236,278.2,0,0
415,221.1,ME,0.020277764,236.7,0,0
415,218.4,ME,0.085940229,236.7,0,0
510,212,ME,0.121461518,226.6,0,0
408,211.3,ME,0.403967259,105.6,0,0
510,211,ME,0.071246159,189,0,0
408,209.6,ME,0.308831120,146.9,0,0
510,198.8,ME,0.517108005,230.1,0,0
510,196.8,ME,0.876787004,254.9,0,0
415,196.5,ME,0.116298315,175.8,0,0
510,195.7,ME,0.224155831,209.1,0,0
510,194.2,ME,0.028825930,242.1,0,0
415,193.4,ME,0.140846020,231.6,0,0
415,190.3,ME,0.035676766,252.7,0,0
415,185.4,ME,0.104927861,191.4,0,0
408,176.3,ME,0.079772697,201,0,0
510,175.8,ME,0.398840090,155,0,0
408,166.4,ME,0.073259166,238.3,0,0
415,166.1,ME,0.203082078,79.3,0,0
415,159.1,ME,0.096891542,269.8,0,0
415,156.5,ME,0.284422883,140.2,0,0
408,154.1,ME,0.018951144,204.2,0,0
510,152.8,ME,0.459559108,242.8,0,0
408,150.5,ME,0.007786361,193.1,0,0
408,149.3,ME,0.038513050,242.2,0,0
415,148.5,ME,0.015377249,114.5,0,0
415,132,ME,0.075865826,231.2,0,0
415,130.7,ME,0.157560087,260.6,0,0
510,129.3,ME,0.067504248,142.7,0,0
415,122.4,ME,0.292902744,113.4,0,0
510,120.8,ME,0.308509654,169.8,0,0
510,118,ME,0.061066100,248.1,0,0
408,115.5,ME,0.006114794,267.3,0,0
408,114.4,ME,0.003631341,216.6,0,0
510,113.1,ME,0.225919310,168.8,0,0
510,110.5,ME,0.404131335,223.2,0,0
415,85.7,ME,0.699474493,221.6,0,0
415,71.2,ME,0.261833974,124.7,0,0
510,58.8,ME,0.278544105,219.5,0,0
415,314.1,MI,0.747837060,222.4,0,0
408,291.2,MI,1.000000000,234.2,0,0
510,281.4,MI,2.220446049e-16,202.2,0,0
408,277.3,MI,1,228.4,0,0
415,270.7,MI,0.326067808,200.7,0,0
510,245.4,MI,2.220446049e-16,148.2,0,0
510,243.4,MI,2.220446049e-16,182.1,0,0
510,242.2,MI,2.220446049e-16,233.2,0,0
415,240,MI,0.097083247,141,0,0
415,233.5,MI,0.638380348,187.7,0,0
415,231.9,MI,0.179691526,160.1,0,0
510,227.4,MI,1.893353821e-10,182.5,0,0
415,226.9,MI,0.165158962,182.2,0,0
510,226.4,MI,2.220446049e-16,234.7,0,0
415,221.6,MI,0.072903823,288.4,0,0
510,220.9,MI,2.220446049e-16,192.2,0,0
415,216.9,MI,0.489601993,207.4,0,0
415,214.6,MI,0.412057553,235.1,0,0
415,211.3,MI,0.181781028,162.6,0,0
408,209.5,MI,1,109.6,0,0
415,207.7,MI,0.092038884,199.7,0,0
510,206.4,MI,2.220446049e-16,128,0,0
415,204.4,MI,0.327352501,273.2,0,0
415,204.3,MI,0.194629139,247.3,0,0
415,202.1,MI,0.369452366,229.4,0,0
415,198.3,MI,0.443023280,187,0,0
415,192.6,MI,0.018256134,330.7,0.25,0.302500000
415,191.4,MI,0.382141981,167.4,0,0
510,190.7,MI,2.220446049e-16,208.6,0,0
415,188.9,MI,0.037023460,153.6,0,0
510,185.3,MI,2.220446049e-16,225.3,0,0
415,179.4,MI,0.135598047,270.4,0,0
510,172.1,MI,1.000000000,223.6,0,0
408,168.4,MI,5.951425743e-11,225.9,0,0
408,166.2,MI,5.128691001e-11,217.6,0,0
415,165.4,MI,0.143864742,273.7,0,0
415,162,MI,0.193152168,324.7,0,0
415,155.2,MI,0.004240576,230.9,0,0
415,154.4,MI,0.082198745,168.3,0,0
415,153.5,MI,0.087908515,197.6,0,0
415,149.4,MI,0.559906665,171.9,0,0
408,148.2,MI,2.220446049e-16,285.1,0,0
415,140.8,MI,0.269931755,228.6,0,0
510,140.6,MI,2.220446049e-16,178.6,0,0
510,137.4,MI,1.075777293e-10,237.6,0,0
408,134.7,MI,2.220446049e-16,295.3,0,0
408,133.3,MI,1.000000000,247.8,0,0
415,130.6,MI,0.098485120,208.1,0,0
510,129.9,MI,2.220446049e-16,208.7,0,0
415,124.8,MI,0.126517977,133,0,0
510,119,MI,1.434611238e-13,230,0,0
408,115.1,MI,1.000000000,211.3,0,0
510,102.6,MI,2.220446049e-16,246,0,0
415,98.9,MI,0.026710965,135.4,0,0
510,91.7,MI,3.194224965e-11,150.6,0,0
415,57.5,MI,0.097003633,265.5,0,0
510,18.9,MI,4.689042256e-12,258.4,0,0
415,317.8,MN,0.619788827,152.9,0,0
510,291.8,MN,0.181237999,214.3,0,0
415,272.7,MN,0.646044052,224.9,0,0
408,262.2,MN,2.601819298e-11,165.2,0,0
415,261.3,MN,0.773919610,220.9,0,0
415,260.8,MN,0.966658293,163.7,0,0
510,259.9,MN,0.020828251,176.2,0,0
415,255.3,MN,0.011407285,194.6,0,0
408,250.8,MN,2.814457236e-13,152.5,0,0
415,248.7,MN,0.755723742,220,0,0
415,244.1,MN,0.002312895,246.9,0,0
408,241.7,MN,2.220446049e-16,135.8,0,0
510,237.4,MN,0.581367724,175.9,0,0
408,236.2,MN,1.000000000,273.9,0,0
415,234.1,MN,0.450278609,200.2,0,0
510,226.7,MN,0.047968360,168.4,0,0
510,224.9,MN,0.008288872,188.2,0,0
415,221.7,MN,0.004601527,236.1,0,0
415,218.5,MN,0.000419594,112.7,0,0
415,216.1,MN,0.009982146,197.5,0,0
408,215.1,MN,2.277540113e-11,138.9,0,0
415,214.1,MN,0.004167946,164.4,0,0
510,212.4,MN,0.166051991,224.6,0,0
408,209.9,MN,2.220446049e-16,221.3,0,0
510,201.8,MN,0.124619825,231.5,0,0
415,200.2,MN,0.087612494,244.9,0,0
415,198.5,MN,0.006994155,42.5,0,0
415,198.4,MN,0.022105568,210.9,0,0
408,197.9,MN,8.088728161e-11,168.1,0,0
415,194.3,MN,0.156199620,189.9,0,0
510,193.7,MN,0.209390300,246.1,0,0
510,193,MN,0.163797444,224.8,0,0
415,183.9,MN,0.121024645,255.9,0,0
510,175.7,MN,0.834198992,211.8,0,0
415,175.6,MN,0.007509021,161.8,0,0
415,174.4,MN,0.006111445,169.9,0,0
510,170.7,MN,0.438028147,179.1,0,0
415,170.7,MN,0.062199567,191.1,0,0
415,164.1,MN,0.002950699,206,0,0
408,162.6,MN,2.220446049e-16,154,0,0
415,159.9,MN,0.132454517,179.9,0,0
408,158.9,MN,2.220446049e-16,242.8,0,0
510,158.1,MN,0.210759588,322.2,0,0
510,157.8,MN,0.723253263,203.2,0,0
408,156.4,MN,2.220446049e-16,185.5,0,0
408,155.2,MN,3.812256976e-11,135.9,0,0
408,153.2,MN,2.220446049e-16,263.3,0,0
408,152.1,MN,2.220446049e-16,121,0,0
415,149.2,MN,0.003980303,260.7,0,0
415,147.1,MN,0.001361591,190.4,0,0
415,145.7,MN,0.051369716,220.5,0,0
415,143.2,MN,0.074879669,209.1,0,0
415,140.1,MN,0.001371267,231.4,0,0
510,134.4,MN,0.870935814,211.3,0,0
415,133.8,MN,0.000167517,158.8,0,0
415,130.1,MN,0.006116445,247.2,0,0
408,128.8,MN,2.220446049e-16,203.9,0,0
408,125.2,MN,2.220446049e-16,206.4,0,0
510,122,MN,0.137947208,220.2,0,0
510,121.5,MN,0.352962522,253,0,0
415,107.9,MN,0.001781012,235.8,0,0
415,105.8,MN,0.000212741,43.9,0,0
510,96.2,MN,0.024168989,178.9,0,0
510,81.7,MN,0.904194726,210.2,0,0
415,74.3,MN,0.008266933,177.3,0,0
415,72.8,MN,2.654888339e-05,186.4,0,0
408,50.6,MN,2.220446049e-16,201.4,0,0
415,335.5,MO,0.396645259,212.5,0,0
415,281.1,MO,0.133134809,143.7,0,0
415,272.5,MO,0.493933484,253,0,0
408,261.7,MO,1.000000000,210.6,0,0
510,246.8,MO,1.398888924e-11,187.8,0,0
415,244.8,MO,0.238126805,60.8,0,0
415,234,MO,0.080113880,249.5,0,0
408,222.7,MO,2.398006106e-11,105.8,0,0
510,221.7,MO,4.236788052e-11,193,0,0
415,221.2,MO,0.058039166,213.6,0,0
408,219.1,MO,2.683559502e-12,151.5,0,0
408,207.6,MO,4.622330679e-13,152.7,0,0
415,206.9,MO,0.050843246,244.7,0,0
408,206.2,MO,2.938575511e-12,211.2,0,0
415,202.4,MO,0.189466455,230.7,0,0
408,199.1,MO,6.179464844e-11,221.8,0,0
415,190.1,MO,0.043448938,223.2,0,0
510,189,MO,7.676884605e-12,118.5,0,0
415,184.5,MO,0.250640667,200.5,0,0
415,178.7,MO,0.047393984,233.7,0,0
415,178.5,MO,0.148184370,146.9,0,0
415,172.1,MO,0.075448160,211.7,0,0
415,171.2,MO,0.013939412,243.5,0,0
415,165.9,MO,0.019422932,235.9,0,0
510,165.8,MO,1,190,0,0
415,165.5,MO,0.130775164,286.2,0,0
408,159.3,MO,2.220446049e-16,170.6,0,0
415,157,MO,0.019345615,103.1,0,0
415,156.4,MO,0.061615637,130.4,0,0
415,154,MO,0.103039195,329.8,0,0
415,149.4,MO,0.042926095,196.5,0,0
408,142.6,MO,5.852767856e-11,208.2,0,0
415,137.2,MO,0.006184404,165.9,0,0
510,135.8,MO,2.220446049e-16,222.5,0,0
415,135.2,MO,0.013993297,152.5,0,0
415,133.5,MO,0.110713236,219.6,0,0
510,129.7,MO,1.000000000,177.5,0,0
415,121.1,MO,0.035697873,186.4,0,0
415,114.4,MO,0.112914062,78.3,0,0
510,113.7,MO,7.208798924e-11,157.5,0,0
408,109.5,MO,2.220446049e-16,332.1,0,0
408,101.2,MO,2.220446049e-16,141.6,0,0
415,97.4,MO,0.064785991,203.6,0,0
415,92.4,MO,0.059227864,219,0,0
408,51.1,MO,2.220446049e-16,208.6,0,0
510,313.2,MS,1.000000000,216.3,0,0
415,303.2,MS,0.335963311,170.5,0,0
408,294.7,MS,0.533900296,294.6,0,0
415,281.2,MS,0.557677401,178.2,0,0
415,277.9,MS,0.171132690,155.8,0,0
510,273.5,MS,4.231150589e-11,183.8,0,0
510,268.8,MS,2.220446049e-16,246.6,0,0
510,261.2,MS,2.166278828e-10,214.2,0,0
510,257.2,MS,8.711340804e-12,224.3,0,0
415,256.5,MS,0.297217454,199.5,0,0
408,236.2,MS,0.700229869,218.6,0,0
408,230,MS,0.677504992,103.2,0,0
415,227.8,MS,0.240983169,169.5,0,0
510,224.2,MS,2.220446049e-16,243.3,0,0
415,217.3,MS,0.497977684,216.1,0,0
408,212.1,MS,0.679741261,209.4,0,0
510,203.9,MS,2.220446049e-16,191.8,0,0
408,198.5,MS,0.223175698,270.6,0,0
510,187.5,MS,1.000000000,146.6,0,0
510,175.9,MS,2.220446049e-16,188.3,0,0
415,174.6,MS,0.347616328,176.6,0,0
408,173.2,MS,0.432130026,131.2,0,0
415,170.9,MS,0.283223801,132.3,0,0
415,170.8,MS,0.783941644,199.5,0,0
415,166.5,MS,0.118986883,236.2,0,0
510,164.1,MS,2.220446049e-16,219.1,0,0
408,163,MS,0.094108898,203.9,0,0
408,162.6,MS,0.398724736,206.2,0,0
415,160,MS,0.057241916,184.5,0,0
510,155.4,MS,2.220446049e-16,290.9,0,0
415,154.4,MS,0.028607248,221.4,0,0
408,148.4,MS,0.024434485,267.1,0,0
510,147.2,MS,2.220446049e-16,192.8,0,0
510,147.1,MS,2.220446049e-16,200,0,0
415,144.8,MS,0.090249512,112.5,0,0
415,136.1,MS,0.017546602,272.9,0,0
415,131.6,MS,0.330526329,179.3,0,0
415,129.3,MS,0.397340411,202.8,0,0
408,127.4,MS,0.015279248,103.3,0,0
415,126.3,MS,0.124051454,209.6,0,0
415,125.5,MS,0.263641196,128.9,0,0
415,117.3,MS,0.445962954,208.7,0,0
408,108.6,MS,0.220770491,209.9,0,0
415,101.4,MS,0.073824441,159.1,0,0
415,94.1,MS,0.013488411,147.6,0,0
415,87.7,MS,0.063438140,214.8,0,0
415,82.3,MS,0.960721201,256.1,0,0
510,75.3,MS,2.220446049e-16,179.9,0,0
415,70.7,MS,0.498639821,157.5,0,0
408,273.2,MT,0.290021442,211.1,0,0
415,272.6,MT,0.223395238,248.7,0,0
408,264.7,MT,0.667865506,305,0,0
415,253,MT,0.020624401,219.3,0,0
415,252.9,MT,0.746849075,177.9,0,0
408,252.7,MT,0.721486386,221.1,0,0
510,240.4,MT,2.220446049e-16,118.9,0,0
408,240.2,MT,0.458583286,153,0,0
415,236.8,MT,0.169750566,263.4,0,0
408,236.6,MT,0.117904464,220.9,0,0
415,236.4,MT,0.677070562,287.3,0,0
415,230.9,MT,0.359022564,167.6,0,0
415,215.9,MT,0.029313118,240.1,0,0
408,213.2,MT,0.041692702,120.7,0,0
415,198.1,MT,0.310111405,156.7,0,0
415,197.3,MT,0.132873460,141.1,0,0
408,195.1,MT,0.019262511,148.8,0,0
510,193.8,MT,2.220446049e-16,118.9,0,0
415,191.7,MT,0.006448610,241.4,0,0
510,189.8,MT,2.220446049e-16,147.7,0,0
415,187.1,MT,0.023844496,250.2,0,0
510,184.2,MT,2.220446049e-16,167.5,0,0
415,184.2,MT,0.083619323,312.6,0,0
510,183,MT,3.167019119e-11,214.8,0,0
510,175.7,MT,2.220446049e-16,258.9,0,0
408,174.1,MT,0.713475059,251.1,0,0
415,172.3,MT,0.400597617,174,0,0
510,163.5,MT,2.220446049e-16,143.7,0,0
415,162.7,MT,0.000200255,292,0,0
510,161.9,MT,1.725320956e-11,151.2,0,0
510,160,MT,2.220446049e-16,189.4,0,0
510,156.6,MT,2.885897969e-11,247.6,0,0
415,154.4,MT,0.076369468,217.2,0,0
415,153.4,MT,0.917588132,151.4,0,0
510,153.2,MT,2.220446049e-16,229.7,0,0
408,152.9,MT,0.002735514,213.2,0,0
415,151.5,MT,0.027535322,248.7,0,0
408,151.1,MT,0.002479909,244.7,0,0
415,145,MT,0.103669417,209.1,0,0
510,143.2,MT,1.000000000,88.1,0,0
408,142.3,MT,0.000518831,122.8,0,0
408,141.8,MT,0.016752646,167.3,0,0
415,137.5,MT,0.003199729,203.2,0,0
415,135.9,MT,0.001105783,233.2,0,0
510,134.9,MT,3.461427651e-12,211.5,0,0
415,134.3,MT,0.092487086,202.3,0,0
408,134.3,MT,0.002315978,155.5,0,0
415,133.9,MT,0.148497302,166.4,0,0
408,131.2,MT,0.000742880,106.5,0,0
415,121.7,MT,0.777910212,125.8,0,0
408,118.9,MT,0.003950705,228.3,0,0
415,117.6,MT,3.810183445e-05,196.3,0,0
415,113.3,MT,0.504780878,197.9,0,0
510,110.5,MT,1.000000000,208.3,0,0
415,97.6,MT,0.001457651,105.5,0,0
415,97.5,MT,0.161640244,268.1,0,0
408,89.8,MT,0.940212181,233.2,0,0
415,322.3,NC,0.712509892,230.4,0,0
408,291.1,NC,0.057661180,226.7,0,0
415,279.5,NC,0.937006730,203.2,0,0
408,274.9,NC,0.075511167,186.6,0,0
408,262.4,NC,0.161949326,194.6,0,0
510,251.3,NC,1,252.5,0,0
415,246.4,NC,0.240072429,228.1,0,0
415,234.5,NC,0.184688836,216.5,0,0
415,232.7,NC,0.159176329,186.4,0,0
510,230.1,NC,2.220446049e-16,287.6,0,0
408,224.9,NC,0.022757840,191.9,0,0
415,223.5,NC,0.433816426,235.1,0,0
408,221.1,NC,0.400030048,264.9,0,0
408,216.2,NC,0.973204645,363.7,0,0
510,214.4,NC,2.220446049e-16,138,0,0
408,212.3,NC,0.211788045,215.4,0,0
510,209.1,NC,2.220446049e-16,205,0,0
415,207.7,NC,0.017266843,164.8,0,0
510,207.3,NC,3.415947403e-12,198.4,0,0
415,204.2,NC,0.001039757,205.9,0,0
408,203.3,NC,0.130563498,228.9,0,0
415,201.8,NC,0.113076464,225,0,0
408,196.8,NC,0.028144622,254.2,0,0
415,193.3,NC,0.004170019,264.1,0,0
510,190.5,NC,2.220446049e-16,179.6,0,0
415,190.5,NC,0.097073106,259.7,0,0
415,188.5,NC,0.035984801,182,0,0
408,187.8,NC,0.155840223,149.2,0,0
510,187.3,NC,3.576628041e-11,270.8,0,0
510,183.4,NC,8.376311258e-12,168.8,0,0
408,182.2,NC,0.124971433,212.3,0,0
415,182.1,NC,0.056321592,213.6,0,0
408,180.1,NC,0.007499767,127.5,0,0
415,180,NC,0.006946368,343.8,0.25,0.202500000
408,179.7,NC,0.037065997,218.1,0,0
510,166.6,NC,2.220446049e-16,192.4,0,0
408,159.5,NC,0.340794895,202.3,0,0
408,155.7,NC,0.208400828,185.4,0,0
408,153.8,NC,0.027756866,123.3,0,0
510,145,NC,2.220446049e-16,240.7,0,0
408,142.5,NC,0.090569741,231.4,0,0
415,142.3,NC,0.000139196,118.7,0,0
415,137.6,NC,0.000139596,143.5,0,0
408,131.2,NC,0.068431534,162.9,0,0
408,128.6,NC,0.836226442,216.2,0,0
510,127.2,NC,1.031978195e-12,162.9,0,0
510,112.2,NC,1.000000000,209.6,0,0
408,105.9,NC,0.014870080,189.6,0,0
415,103.7,NC,0.000396631,127,0,0
415,102.7,NC,0.000157155,149.3,0,0
510,95.9,NC,6.965099903e-11,261.6,0,0
408,93.4,NC,0.025961825,252,0,0
415,84.2,NC,3.733787266e-06,80.8,0,0
415,82.2,NC,7.558397242e-07,163.3,0,0
415,54.7,NC,1.334008357e-05,256.1,0,0
415,260.8,ND,0.001136551,258.1,0,0
510,256.8,ND,2.051533722e-11,230.1,0,0
510,238,ND,1.000000000,278.5,0,0
408,231.2,ND,0.249727308,267.8,0,0
510,227.2,ND,3.190514769e-11,194.4,0,0
510,226.9,ND,2.220446049e-16,201.6,0,0
408,225.5,ND,0.185328155,182,0,0
408,224.6,ND,0.475838820,225.9,0,0
415,222.7,ND,3.269061003e-10,277,0,0
415,221.6,ND,0.000861293,157.1,0,0
408,219.1,ND,0.096680371,242.9,0,0
415,218.7,ND,0.003911056,155.6,0,0
415,218.5,ND,0.043521071,134.2,0,0
415,217.7,ND,0.000177872,231.7,0,0
510,216.7,ND,2.220446049e-16,116.5,0,0
415,210.8,ND,2.059446585e-07,189.6,0,0
408,205.7,ND,0.039615739,214.5,0,0
408,205.3,ND,0.089379812,166.7,0,0
510,203.2,ND,2.220446049e-16,235.8,0,0
510,197.9,ND,2.220446049e-16,251,0,0
408,193,ND,0.246971481,153.6,0,0
408,189.5,ND,0.012221604,176.3,0,0
415,182,ND,0.010494159,216.1,0,0
510,179.4,ND,1.631359194e-11,232.5,0,0
408,176.6,ND,0.180000420,162.7,0,0
415,169.4,ND,0.020698152,253.5,0,0
510,164.3,ND,2.220446049e-16,233.7,0,0
415,163.8,ND,0.000266150,134.9,0,0
510,163.2,ND,2.220446049e-16,167.6,0,0
510,159.9,ND,1.677687269e-11,172.2,0,0
415,159.1,ND,0.001931327,149.8,0,0
408,159.1,ND,0.019309780,241.6,0,0
408,157.5,ND,0.218248787,189.6,0,0
415,150.3,ND,0.000164381,255.9,0,0
415,135.1,ND,0.014056141,205.2,0,0
415,124.5,ND,0.304659213,231.7,0,0
415,123.7,ND,0.208544091,172.6,0,0
510,121.8,ND,2.220446049e-16,89.3,0,0
415,118.5,ND,0.014709669,177.8,0,0
415,105.9,ND,0.332134081,231.7,0,0
415,104.9,ND,0.042179606,198.5,0,0
415,91.5,ND,0.000554983,219.9,0,0
408,82.5,ND,0.186677722,289.9,0,0
415,272.7,NE,0.466217362,236.4,0,0
408,267.1,NE,1.000000000,180.4,0,0
408,261.9,NE,4.366390283e-11,148.1,0,0
415,259.8,NE,0.439429426,242.3,0,0
415,256.7,NE,0.231547980,150.5,0,0
415,252.6,NE,0.180063965,169,0,0
415,249.8,NE,0.386214697,261.9,0,0
415,243.4,NE,0.429161527,273.8,0,0
510,225,NE,2.143344585e-11,244.2,0,0
510,219.2,NE,2.143344585e-11,167,0,0
408,214.2,NE,2.220446049e-16,161.7,0,0
415,213.4,NE,0.104657310,204.7,0,0
415,211.2,NE,0.154138521,237.7,0,0
415,211.1,NE,0.177883476,206.9,0,0
510,210.3,NE,2.143344585e-11,192.2,0,0
408,210.2,NE,2.220446049e-16,227.3,0,0
415,200.3,NE,0.103268845,197.8,0,0
415,200,NE,0.062438419,107.9,0,0
415,198.3,NE,0.091712394,279.3,0,0
408,195.9,NE,2.220446049e-16,213.9,0,0
415,193.7,NE,0.151128167,126.9,0,0
415,191.4,NE,0.062052829,205.4,0,0
510,191.3,NE,2.143344585e-11,261.5,0,0
415,189.1,NE,0.172800303,246.1,0,0
415,181.4,NE,0.088526292,164.5,0,0
510,180.9,NE,2.143344585e-11,209.5,0,0
415,180.6,NE,0.054967894,190.9,0,0
510,177.3,NE,2.143344585e-11,211.8,0,0
415,174.7,NE,0.221571987,160.6,0,0
415,169.4,NE,0.020240573,184.9,0,0
415,167.6,NE,0.096077124,154.5,0,0
415,163.5,NE,0.058947329,274.8,0,0
408,162.3,NE,2.581901326e-11,212.5,0,0
408,160.8,NE,2.747750987e-11,155.8,0,0
510,159,NE,2.143344585e-11,255.1,0,0
510,157.2,NE,2.143344585e-11,196.3,0,0
415,156,NE,0.058350990,56,0,0
408,152.4,NE,2.258596745e-12,274.6,0,0
415,150,NE,0.019619243,89.8,0,0
408,149.7,NE,2.220446049e-16,211.1,0,0
415,145.5,NE,0.047921159,217.7,0,0
415,141.2,NE,0.018795494,167.7,0,0
415,138.3,NE,0.028840713,80.6,0,0
415,124.3,NE,0.020885492,277.1,0,0
510,121.6,NE,2.143344585e-11,165.3,0,0
415,102.8,NE,0.032753898,206.7,0,0
510,99.5,NE,2.143344585e-11,129.1,0,0
415,97.5,NE,0.019786625,260.4,0,0
415,322.4,NH,0.539806305,283.2,0,0
408,298.1,NH,0.446489316,201.3,0,0
408,283.1,NH,8.924768738e-09,185.4,0,0
415,254.3,NH,0.028262916,78.9,0,0
415,231.3,NH,0.166381793,210.4,0,0
408,228.9,NH,1,255.7,0,0
510,228.1,NH,2.220446049e-16,136.4,0,0
510,221.3,NH,2.220446049e-16,157.8,0,0
510,220.3,NH,1.762220796e-11,188.6,0,0
408,218.8,NH,2.764820650e-09,148.3,0,0
408,216.7,NH,0.242360479,144.3,0,0
415,213.1,NH,0.050780637,206.2,0,0
510,210.5,NH,2.220446049e-16,204.5,0,0
415,206,NH,0.008411432,186,0,0
415,202.2,NH,0.003403221,216.8,0,0
415,197.6,NH,0.000819629,80,0,0
510,197.1,NH,2.220446049e-16,227.8,0,0
510,193.8,NH,1.338717019e-11,197.6,0,0
415,193.3,NH,0.000513751,263.3,0,0
415,193.2,NH,0.656067862,194.4,0,0
415,186.9,NH,0.006598767,256.3,0,0
408,186.1,NH,0.115638326,254.3,0,0
408,183.6,NH,0.338631625,203.8,0,0
408,182.1,NH,0.193616349,169.7,0,0
408,179.3,NH,1.309070600e-09,188.8,0,0
415,178.1,NH,0.203464622,212.8,0,0
415,173.4,NH,0.037017757,213.7,0,0
415,169.6,NH,0.043984937,58.9,0,0
408,162.3,NH,0.178526404,192.4,0,0
408,162.1,NH,1.097656034e-09,212.1,0,0
408,162,NH,2.220446049e-16,247.5,0,0
510,142.5,NH,2.756331100e-11,176.1,0,0
408,140.2,NH,2.047760154e-09,213.9,0,0
408,139.4,NH,0.151583220,143.4,0,0
415,121.7,NH,0.007901932,184,0,0
415,119.2,NH,0.242084295,168.3,0,0
510,115.6,NH,7.881310235e-11,213.6,0,0
510,109.7,NH,2.220446049e-16,223.8,0,0
408,106.5,NH,0.208606153,225.7,0,0
415,104.9,NH,0.004500145,216.3,0,0
408,90,NH,0.124548128,276.3,0,0
510,54.2,NH,1.000000000,303.2,0,0
408,17.6,NH,3.769596392e-10,161.7,0,0
408,289.8,NJ,1,255.6,0,0
415,268.7,NJ,0.662383736,301,0,0
408,265.6,NJ,1,208.8,0,0
408,257.4,NJ,1.000000000,261.1,0,0
415,254.2,NJ,0.276853378,228.1,0,0
415,248.9,NJ,0.671108891,170.8,0,0
510,247.2,NJ,0.789876873,225.5,0,0
510,245.2,NJ,0.631858856,217.2,0,0
415,243.4,NJ,0.115280293,121.2,0,0
408,241.8,NJ,8.639706501e-11,170.5,0,0
510,239.8,NJ,0.350812325,128.9,0,0
415,239.3,NJ,0.374312825,223.4,0,0
415,237.9,NJ,0.332023606,247.6,0,0
415,236.9,NJ,0.289649674,197.7,0,0
415,231,NJ,0.079287312,222.3,0,0
415,230.9,NJ,0.159463334,223,0,0
408,228.6,NJ,1.000000000,132.8,0,0
510,225.7,NJ,0.295576528,119.6,0,0
510,225,NJ,0.549875756,191.3,0,0
510,220.2,NJ,0.593925073,88.3,0,0
408,220.2,NJ,1,185.3,0,0
408,217.6,NJ,1,279,0,0
415,212.1,NJ,0.002225472,150.1,0,0
415,211.8,NJ,0.003856989,260.5,0,0
415,207.9,NJ,0.006692747,172,0,0
415,203.8,NJ,0.001449735,283.1,0,0
510,201.4,NJ,0.180796228,246.5,0,0
510,195,NJ,0.281446681,198.5,0,0
415,193.8,NJ,0.000717628,195.3,0,0
408,192.3,NJ,5.111506959e-11,199.9,0,0
415,191.4,NJ,0.001781440,200.7,0,0
415,190.2,NJ,0.016731103,197.7,0,0
408,187.7,NJ,2.220446049e-16,221,0,0
415,187.5,NJ,0.000131195,169.8,0,0
415,186,NJ,0.001613808,237.4,0,0
415,183.1,NJ,0.000863845,232.6,0,0
408,180.7,NJ,2.220446049e-16,174.6,0,0
415,178.8,NJ,6.517968539e-05,167.9,0,0
415,175.5,NJ,4.962650271e-05,132.3,0,0
415,171.6,NJ,0.003021739,136.1,0,0
415,168.4,NJ,0.000133243,217.1,0,0
415,163.8,NJ,0.000103044,177.8,0,0
510,162.6,NJ,0.208686708,152.3,0,0
408,159.5,NJ,2.220446049e-16,303.8,0,0
408,158.6,NJ,2.220446049e-16,130.4,0,0
510,155.7,NJ,0.217792548,260.3,0,0
510,155.4,NJ,0.169919906,188.5,0,0
510,154.8,NJ,0.083979386,171.5,0,0
510,150,NJ,0.154597561,218.5,0,0
415,146.4,NJ,6.034739118e-06,89.7,0,0
415,146.3,NJ,0.000181618,216.6,0,0
408,132.1,NJ,2.220446049e-16,247.5,0,0
510,122.5,NJ,0.105209687,273.3,0,0
415,118.9,NJ,1.250549337e-05,278.3,0,0
510,115,NJ,0.385645884,122.3,0,0
408,96.3,NJ,2.220446049e-16,179.6,0,0
510,286.7,NM,2.143344585e-11,134.4,0,0
415,256.5,NM,0.549220294,222.1,0,0
415,245.3,NM,0.524463937,122.9,0,0
415,239.8,NM,0.041257862,251.8,0,0
415,239.2,NM,0.004502576,188.5,0,0
415,232.1,NM,0.648488489,327.1,0,0
408,229.6,NM,2.823765167e-11,132.3,0,0
415,222.3,NM,0.148917880,286,0,0
415,215.5,NM,0.000764910,190.7,0,0
415,214.3,NM,0.022327271,268.5,0,0
510,207.6,NM,2.143344585e-11,229,0,0
415,206.9,NM,0.019093625,264.4,0,0
510,206.3,NM,2.143344585e-11,154.9,0,0
510,205.2,NM,2.143344585e-11,184.8,0,0
415,198.8,NM,0.544339629,166.6,0,0
408,197,NM,2.220446049e-16,222.8,0,0
415,193.7,NM,0.009535056,183.2,0,0
408,185.3,NM,1.954415398e-10,208,0,0
408,183.8,NM,2.220446049e-16,164.7,0,0
415,183.3,NM,0.191020767,201.4,0,0
415,175.4,NM,0.022233993,190,0,0
408,174.9,NM,1.000000000,248.2,0,0
415,173.5,NM,0.039627926,244.3,0,0
415,173.2,NM,0.162317073,236.2,0,0
408,172.4,NM,2.220446049e-16,256.6,0,0
415,169.9,NM,0.012783350,225.2,0,0
408,169.9,NM,3.012091001e-10,209.4,0,0
415,168.2,NM,0.091278763,224.7,0,0
415,167.5,NM,0.053431011,139.1,0,0
408,165.6,NM,2.220446049e-16,195.9,0,0
415,164.2,NM,0.004430285,155.4,0,0
415,160.1,NM,0.000108687,256.7,0,0
415,160,NM,0.336673270,209.5,0,0
510,154,NM,2.143344585e-11,278,0,0
408,153.9,NM,2.128335437e-10,140.7,0,0
510,150.1,NM,2.143344585e-11,200.1,0,0
415,148.7,NM,0.005591000,426.3,1,1.322500000
408,146.4,NM,2.220446049e-16,225.1,0,0
408,146.1,NM,2.220446049e-16,196.2,0,0
510,144.8,NM,2.143344585e-11,164.9,0,0
415,143.3,NM,0.005055126,211.3,0,0
408,134.2,NM,2.220446049e-16,227.3,0,0
415,132.7,NM,0.510529794,204.6,0,0
510,119.7,NM,2.143344585e-11,231.8,0,0
415,119.3,NM,0.028830791,211.5,0,0
415,108,NM,0.016002415,241.9,0,0
408,107.5,NM,2.220446049e-16,256.4,0,0
415,105.7,NM,1.126931009e-05,141.8,0,0
415,92.3,NM,0.007150100,193.1,0,0
415,81.6,NM,1.285221253e-05,268.1,0,0
415,303.9,NV,0.668408906,232.2,0,0
415,286.4,NV,0.658448879,205.7,0,0
415,282.5,NV,0.684140117,219.9,0,0
415,279.3,NV,0.707710517,201.6,0,0
408,275.4,NV,2.220446049e-16,187.5,0,0
510,271.5,NV,1.000000000,253.4,0,0
510,245.3,NV,1.000000000,259.9,0,0
510,241,NV,1.000000000,231.8,0,0
415,239.2,NV,0.826044497,150,0,0
415,234.4,NV,0.668725169,179.3,0,0
510,234.1,NV,2.601756733e-10,163.1,0,0
415,233.7,NV,0.513381552,207.9,0,0
415,230.2,NV,0.284916973,196.1,0,0
408,221.4,NV,2.220446049e-16,165.8,0,0
415,220.7,NV,0.311718300,217.7,0,0
510,216.2,NV,1.914241600e-10,185.7,0,0
415,209.1,NV,0.185616082,106.1,0,0
415,205,NV,0.348953929,152,0,0
415,203.4,NV,0.248910272,226.7,0,0
408,197.7,NV,2.220446049e-16,250.5,0,0
415,192.4,NV,0.129733135,156.9,0,0
408,192.3,NV,2.220446049e-16,129.3,0,0
415,184.1,NV,0.293818784,327,0,0
510,182.1,NV,2.220446049e-16,211.5,0,0
415,179.4,NV,0.261498552,181.1,0,0
415,178.2,NV,0.294281019,167.8,0,0
415,176.2,NV,0.112215325,196,0,0
510,171.4,NV,2.220446049e-16,115.2,0,0
510,168.6,NV,2.220446049e-16,175.6,0,0
415,167.9,NV,0.386020916,190.7,0,0
415,166.7,NV,0.441827801,179.3,0,0
408,166.1,NV,1.935964748e-11,175.9,0,0
408,155.5,NV,1.116525608e-10,213.4,0,0
415,153.7,NV,0.098634349,194,0,0
415,152,NV,0.148197999,274.9,0,0
408,151.1,NV,2.220446049e-16,187.4,0,0
415,150,NV,0.086372695,232.4,0,0
408,148.1,NV,1.000000000,164.9,0,0
415,145.4,NV,0.087945469,129.3,0,0
415,144.4,NV,0.050751045,266.5,0,0
415,142.3,NV,0.069679414,306.3,0,0
510,141.3,NV,2.220446049e-16,154.3,0,0
415,135.1,NV,0.129141148,134.1,0,0
415,134.9,NV,0.053245892,156,0,0
408,133.7,NV,2.220446049e-16,195.3,0,0
415,116.7,NV,0.080652550,213.8,0,0
408,116,NV,2.220446049e-16,150.1,0,0
415,115.1,NV,0.088298975,196.8,0,0
408,114.3,NV,2.220446049e-16,221.1,0,0
408,110.9,NV,2.220446049e-16,213.4,0,0
415,97.2,NV,0.040269472,186.2,0,0
408,89.5,NV,1.000000000,339.9,0,0
510,82.6,NV,2.220446049e-16,224.4,0,0
408,75,NV,6.795925666e-11,248.7,0,0
415,72.8,NV,0.040440267,267.1,0,0
510,67.4,NV,2.220446049e-16,244,0,0
415,332.9,NY,0.494645640,317.8,0,0
415,286.6,NY,0.156049994,315.3,0,0
408,265.6,NY,1.026422495e-11,180.7,0,0
415,264,NY,0.508823321,132.2,0,0
510,251.5,NY,2.220446049e-16,234.1,0,0
415,244.7,NY,0.000797220,168,0,0
510,243.2,NY,3.285901355e-11,147,0,0
408,242.5,NY,2.220446049e-16,232.9,0,0
415,239.5,NY,0.000366854,203.8,0,0
510,236.6,NY,1.000000000,169.9,0,0
510,236.3,NY,4.936858742e-11,152.8,0,0
415,233.3,NY,0.013970288,209.8,0,0
415,224.5,NY,0.019013067,200.7,0,0
408,216.8,NY,2.220446049e-16,207.3,0,0
415,209.9,NY,0.035460483,121.9,0,0
408,208.4,NY,2.220446049e-16,174.4,0,0
415,204.8,NY,0.000216419,161,0,0
415,197.7,NY,0.001884547,152.2,0,0
510,195.4,NY,8.392626315e-11,181.2,0,0
408,193.8,NY,7.397568959e-11,202.6,0,0
510,191.8,NY,2.220446049e-16,267.8,0,0
415,190.4,NY,0.204887850,92,0,0
415,182.6,NY,0.024199467,154.5,0,0
415,181.8,NY,0.000162172,158.1,0,0
415,177.4,NY,0.001106019,226.2,0,0
415,175.8,NY,0.005168131,217.5,0,0
415,174.3,NY,0.303109651,254.1,0,0
415,174,NY,0.073243931,161.3,0,0
415,173.6,NY,0.179154007,91.7,0,0
408,171.8,NY,2.220446049e-16,240.7,0,0
408,171.7,NY,2.220446049e-16,174.8,0,0
415,167.1,NY,0.494525375,131.8,0,0
415,166.4,NY,0.001644937,243.2,0,0
415,164.8,NY,0.135726280,229.9,0,0
415,163.5,NY,0.000255343,203.1,0,0
408,163.4,NY,1.000000000,240.1,0,0
415,163,NY,0.017182727,312.8,0,0
415,161.3,NY,0.050493809,124.4,0,0
408,160.4,NY,8.727608645e-11,102.6,0,0
415,156.2,NY,0.284280988,193,0,0
415,154.2,NY,0.995274118,112.3,0,0
510,145.6,NY,4.656396496e-11,284.7,0,0
415,145.6,NY,0.027559991,230.9,0,0
415,145.4,NY,0.002514055,209.1,0,0
415,144.6,NY,0.004092625,258.8,0,0
408,143.3,NY,2.220446049e-16,195.5,0,0
510,143.2,NY,2.220446049e-16,169.8,0,0
415,143,NY,0.989087970,212.2,0,0
510,141.4,NY,2.220446049e-16,123.9,0,0
415,141.4,NY,5.118133525e-05,146.4,0,0
415,139.6,NY,0.011956410,332.8,0,0
415,137.5,NY,0.015426894,198.1,0,0
415,133.4,NY,0.002344486,204.6,0,0
510,133.3,NY,2.220446049e-16,185.7,0,0
510,128.5,NY,2.220446049e-16,163.7,0,0
415,123.2,NY,0.932632752,190,0,0
408,122.3,NY,1,118.8,0,0
415,122.2,NY,0.011393794,167.2,0,0
510,115.7,NY,2.220446049e-16,127.8,0,0
408,115.6,NY,7.246205063e-12,237.7,0,0
510,109.8,NY,2.220446049e-16,420.1,0,0.160000000
510,89.5,NY,2.220446049e-16,180.8,0,0
415,88.5,NY,0.001297207,178.8,0,0
510,70.7,NY,2.220446049e-16,211,0,0
408,61.6,NY,1,77.1,0,0
510,345.3,OH,1.000000000,203.4,0,0
415,337.4,OH,0.744560835,227.4,0,0
408,274.6,OH,0.096767986,161.1,0,0
408,256.4,OH,0.934507660,273.9,0,0
408,254.7,OH,0.985450249,252.2,0,0
415,245.7,OH,0.258829857,241.9,0,0
415,235,OH,0.088356988,183.3,0,0
415,232.8,OH,0.114078911,183.5,0,0
510,227.9,OH,8.698926859e-11,207.5,0,0
415,227,OH,0.115114417,258.7,0,0
415,220.1,OH,0.078721179,222.2,0,0
415,219.9,OH,0.116049852,208.5,0,0
510,219.4,OH,8.233294929e-11,180.5,0,0
415,218.8,OH,0.363203112,242.8,0,0
415,217.1,OH,0.099180239,220.8,0,0
415,204.7,OH,0.053867346,209.4,0,0
415,199,OH,0.045741281,291.3,0,0
415,197.6,OH,0.018445326,164.5,0,0
408,196.8,OH,0.247352983,168,0,0
510,194.1,OH,1.956887929e-13,227.2,0,0
415,193.6,OH,0.080348462,148.7,0,0
408,193.4,OH,0.041647717,116.9,0,0
510,193,OH,2.220446049e-16,89.8,0,0
415,191.5,OH,0.005683673,175.2,0,0
415,191.3,OH,0.154557311,250.7,0,0
408,187.9,OH,0.020046586,157.6,0,0
415,187.8,OH,0.070211426,154.6,0,0
415,183.4,OH,0.106016749,242,0,0
408,183.4,OH,0.034628550,141.9,0,0
415,182.9,OH,0.014562036,292.4,0,0
415,181.3,OH,0.007680877,182.4,0,0
415,170.5,OH,0.051819396,254.3,0,0
408,165,OH,0.116620288,202.6,0,0
415,161.6,OH,0.022224157,195.5,0,0
415,160.3,OH,0.004874702,202.4,0,0
510,159.7,OH,2.220446049e-16,168.8,0,0
408,159.5,OH,0.041629527,247.1,0,0
415,158.6,OH,0.005623876,220,0,0
510,153.9,OH,2.220446049e-16,220.1,0,0
510,153.3,OH,2.220446049e-16,224.5,0,0
415,152.3,OH,0.291284736,267.5,0,0
415,150.6,OH,0.003865710,301.5,0,0
408,147.2,OH,6.656459232e-06,161.9,0,0
408,144,OH,0.480097831,181.6,0,0
510,143.6,OH,2.220446049e-16,134.3,0,0
510,143.5,OH,8.061043297e-12,242.6,0,0
415,143.1,OH,0.024858103,236.6,0,0
408,139.6,OH,0.000386033,240.9,0,0
510,138.9,OH,2.220446049e-16,211.6,0,0
415,135.2,OH,0.009492192,242,0,0
415,125.7,OH,0.036173357,275.9,0,0
408,117.8,OH,0.760981723,199.2,0,0
415,114.8,OH,0.004458066,81.9,0,0
510,111.1,OH,2.220446049e-16,217.9,0,0
415,106.6,OH,0.006160058,284.8,0,0
415,106.4,OH,0.003955773,108.1,0,0
408,105,OH,0.237886258,251.6,0,0
408,91.1,OH,0.001989953,179.3,0,0
510,329.8,OK,1.000000000,208.3,0,0
408,288.8,OK,1.000000000,175.9,0,0
408,273,OK,2.722369671e-11,215.5,0,0
415,269.7,OK,1.000000000,207.6,0,0
415,260.4,OK,5.851119432e-11,146,0,0
415,253.1,OK,1.633274987e-11,210.1,0,0
415,243.9,OK,2.220446049e-16,133,0,0
408,237.1,OK,4.478852912e-12,205.6,0,0
408,229.3,OK,3.045480627e-13,177.4,0,0
408,214.7,OK,2.220446049e-16,158.6,0,0
415,213.8,OK,2.220446049e-16,265.1,0,0
408,209.6,OK,2.220446049e-16,228.8,0,0
415,208.3,OK,2.220446049e-16,236.7,0,0
510,206.7,OK,5.505236714e-11,174.6,0,0
415,206.3,OK,8.215207570e-12,148.6,0,0
415,205.2,OK,2.220446049e-16,99.5,0,0
510,203.4,OK,4.022818654e-12,182.9,0,0
415,203.1,OK,2.220446049e-16,217,0,0
415,201.3,OK,1.222236877e-10,42.2,0,0
415,198.7,OK,2.220446049e-16,249,0,0
510,188,OK,8.553258258e-12,90.5,0,0
510,180.9,OK,2.220446049e-16,194.9,0,0
415,179.2,OK,2.220446049e-16,283.3,0,0
408,176.8,OK,2.119828923e-11,195,0,0
510,176.3,OK,1.475772768e-13,93.4,0,0
408,175.4,OK,3.612442141e-11,155.3,0,0
510,169.3,OK,2.220446049e-16,225.9,0,0
415,166.7,OK,2.220446049e-16,148.3,0,0
408,166.4,OK,2.220446049e-16,317,0,0
415,166,OK,2.220446049e-16,74.6,0,0
415,164.9,OK,2.220446049e-16,126.5,0,0
415,164.2,OK,2.220446049e-16,196.2,0,0
510,162.4,OK,1.000000000,167,0,0
408,162.3,OK,2.220446049e-16,213.7,0,0
510,155.2,OK,2.220446049e-16,268.3,0,0
510,138.4,OK,1,158.9,0,0
415,134.7,OK,2.220446049e-16,180,0,0
415,128.7,OK,2.220446049e-16,240.8,0,0
415,121.1,OK,2.220446049e-16,216,0,0
415,116.9,OK,2.220446049e-16,232.4,0,0
415,104.9,OK,2.220446049e-16,237.6,0,0
408,65.4,OK,2.220446049e-16,168.2,0,0
408,61.6,OK,2.220446049e-16,255.1,0,0
408,47.4,OK,2.220446049e-16,167.8,0,0
510,2.6,OK,1.581052191e-12,254,0,0
415,324.7,OR,0.202124193,236.4,0,0
415,263.8,OR,0.999848548,251.3,0,0
408,261.2,OR,1,250.8,0,0
510,259.4,OR,1.000000000,172.7,0,0
408,256.4,OR,1.000000000,214.5,0,0
415,252,OR,0.761269227,150.2,0,0
415,242.5,OR,0.891283959,245.4,0,0
510,240.8,OR,1.106632788e-10,75.9,0,0
415,234.4,OR,0.639830081,279.3,0,0
415,234.2,OR,0.037288270,216.7,0,0
510,233.8,OR,8.360536135e-13,266.5,0,0
510,232.1,OR,6.256133477e-12,210.8,0,0
408,226.5,OR,8.640386324e-11,152.1,0,0
415,221.3,OR,0.047987552,167.6,0,0
408,219.6,OR,2.220446049e-16,210.4,0,0
415,216.6,OR,0.001876324,190.8,0,0
415,215.4,OR,0.529600522,204.8,0,0
415,213.7,OR,0.191219082,253,0,0
510,213.5,OR,2.220446049e-16,166.6,0,0
415,211.2,OR,0.832658354,312.5,0,0
415,208.8,OR,0.088558255,132.9,0,0
415,207.8,OR,0.006678341,123.5,0,0
510,206.2,OR,9.052825744e-12,164.5,0,0
415,204.6,OR,0.252491613,212.5,0,0
510,203.7,OR,2.220446049e-16,216.4,0,0
510,199.6,OR,2.220446049e-16,214.3,0,0
408,196.6,OR,2.722792779e-11,170.2,0,0
415,196.5,OR,0.046861742,190,0,0
408,196.1,OR,2.707326023e-13,236.8,0,0
415,194.8,OR,0.004436836,235.3,0,0
415,194.4,OR,0.435325225,186.7,0,0
510,194.3,OR,2.220446049e-16,243.2,0,0
510,192.8,OR,2.284261126e-11,177,0,0
510,191.9,OR,6.417171191e-11,206.9,0,0
415,190.6,OR,0.004120638,161.7,0,0
415,190.4,OR,0.134852353,317.5,0,0
415,188,OR,0.072477196,151.3,0,0
415,184.8,OR,0.001489637,216.4,0,0
415,176.2,OR,0.004519706,145,0,0
510,171.7,OR,2.220446049e-16,144.5,0,0
415,167.6,OR,0.011411212,176,0,0
415,167.5,OR,0.008408722,242.1,0,0
415,161.1,OR,0.001048765,198.8,0,0
415,159.8,OR,0.003349913,210.1,0,0
415,157.4,OR,0.259805115,117.9,0,0
510,156.4,OR,2.220446049e-16,233.4,0,0
408,149.8,OR,2.220446049e-16,180,0,0
415,146.5,OR,0.004783575,246.4,0,0
415,146,OR,0.000259478,203,0,0
415,143.8,OR,0.016903185,184,0,0
415,142.9,OR,0.000473495,177.9,0,0
510,141.3,OR,2.220446049e-16,134.9,0,0
510,135.9,OR,2.220446049e-16,271,0,0
408,128.5,OR,2.775198325e-11,188.4,0,0
415,120.9,OR,0.002605514,235,0,0
408,120.9,OR,4.441421290e-11,213,0,0
415,120.3,OR,0.491263344,240.4,0,0
510,119.4,OR,2.220446049e-16,273.3,0,0
415,118.6,OR,0.000174234,199.6,0,0
415,116.8,OR,2.176933940e-05,178.9,0,0
415,113.2,OR,0.000400611,185.5,0,0
415,111.6,OR,1.830340462e-06,213.3,0,0
415,111.2,OR,0.012271824,122.1,0,0
415,105.4,OR,1.873223058e-05,214.8,0,0
408,98,OR,2.220446049e-16,240.7,0,0
408,96.5,OR,2.220446049e-16,145.8,0,0
408,87.6,OR,2.220446049e-16,262,0,0
408,84.9,OR,2.220446049e-16,257.5,0,0
510,51.8,OR,2.220446049e-16,230.2,0,0
415,12.5,OR,1.026193091e-06,256.6,0,0
408,288.7,PA,6.169342764e-09,203.8,0,0
408,287.1,PA,1.000000000,159.3,0,0
415,268.3,PA,1.000000000,185.5,0,0
408,262.8,PA,6.086798931e-10,215.8,0,0
408,260.1,PA,0.914510571,256.5,0,0
415,255.8,PA,3.752258387e-10,142.7,0,0
510,231.8,PA,1.721768421e-11,150.6,0,0
415,230.9,PA,0.999999999,243.2,0,0
510,230.7,PA,2.220446049e-16,256.8,0,0
415,228.2,PA,1.328928430e-10,263.7,0,0
415,224.2,PA,9.586194956e-10,189.6,0,0
510,218.2,PA,5.706012986e-12,169.3,0,0
510,217.1,PA,2.220446049e-16,205.2,0,0
415,206.6,PA,2.220446049e-16,224.9,0,0
408,205.3,PA,0.140956219,240.5,0,0
415,205.1,PA,2.220446049e-16,160.5,0,0
415,193.7,PA,2.220446049e-16,186.6,0,0
510,179.5,PA,2.220446049e-16,162.3,0,0
510,170.7,PA,1.091095853e-10,109.9,0,0
415,169.5,PA,2.220446049e-16,112.9,0,0
415,168.2,PA,2.220446049e-16,161.7,0,0
415,167.4,PA,2.220446049e-16,233.2,0,0
415,155.2,PA,2.220446049e-16,244.5,0,0
408,151.1,PA,0.152635767,194.8,0,0
510,149.4,PA,3.222288029e-11,123.9,0,0
510,146.5,PA,2.220446049e-16,169.9,0,0
510,145,PA,1.000000000,294.3,0,0
408,144.4,PA,0.147619765,264.6,0,0
415,143.6,PA,2.220446049e-16,141.8,0,0
408,133.7,PA,0.204028270,187.8,0,0
408,125.7,PA,0.440249409,207.6,0,0
408,112.8,PA,5.342502002e-10,156.7,0,0
510,109,PA,1,259.3,0,0
408,105,PA,0.999999997,180.6,0,0
408,102.1,PA,7.086102403e-12,219.5,0,0
415,35.1,PA,2.220446049e-16,180.8,0,0
510,286.2,RI,0.943264283,187.2,0,0
510,259.7,RI,0.127854906,152.7,0,0
408,257.7,RI,2.220446049e-16,162.1,0,0
510,255.9,RI,0.561639911,140.9,0,0
510,245,RI,0.211471906,265,0,0
415,241.7,RI,7.884924083e-12,168.5,0,0
415,235.1,RI,7.884924083e-12,196.8,0,0
415,229.4,RI,7.884924083e-12,214.1,0,0
415,226,RI,7.884924083e-12,248.5,0,0
510,225.8,RI,0.248801622,193,0,0
415,221.9,RI,7.884924083e-12,254.7,0,0
415,218.7,RI,7.884924083e-12,163.4,0,0
510,217.2,RI,0.542180276,246.7,0,0
415,215.5,RI,7.884924083e-12,161.9,0,0
510,211.9,RI,0.165313118,215.1,0,0
415,209.9,RI,7.884924083e-12,158,0,0
408,207.6,RI,8.994095762e-12,152.7,0,0
510,204,RI,0.151526771,168.5,0,0
415,197.2,RI,7.884924083e-12,211.7,0,0
510,194.4,RI,0.014838776,438.1,1,0.010000000
415,190.5,RI,7.884924083e-12,178.4,0,0
415,187.7,RI,7.884924083e-12,163.4,0,0
415,184.4,RI,7.884924083e-12,203.8,0,0
510,180.8,RI,0.004559947,288.8,0,0
415,180.5,RI,7.884924083e-12,230,0,0
415,171.1,RI,7.884924083e-12,257.2,0,0
408,170.4,RI,1.000000000,350.5,0,0
415,168.6,RI,7.884924083e-12,298,0,0
408,163.1,RI,6.193468139e-11,291.7,0,0
415,161.5,RI,7.884924083e-12,214.2,0,0
408,160,RI,1.208217685e-11,215.3,0,0
408,147.9,RI,1.235708302e-11,228.4,0,0
415,143.3,RI,7.884924083e-12,180.5,0,0
415,141.7,RI,7.884924083e-12,205.6,0,0
415,140.1,RI,7.884924083e-12,223.4,0,0
415,139.5,RI,7.884924083e-12,289.3,0,0
510,137.4,RI,0.007266486,120,0,0
415,134.7,RI,7.884924083e-12,235.9,0,0
510,134.2,RI,0.014480043,165,0,0
510,129.5,RI,0.000307957,248.9,0,0
510,127.3,RI,0.006493998,251.3,0,0
415,122.8,RI,7.884924083e-12,211.3,0,0
415,119.6,RI,7.884924083e-12,278.7,0,0
415,117.8,RI,7.884924083e-12,256.8,0,0
415,116.7,RI,7.884924083e-12,145.9,0,0
415,112.8,RI,7.884924083e-12,199.4,0,0
415,111,RI,7.884924083e-12,219.8,0,0
415,97.8,RI,7.884924083e-12,207.2,0,0
415,95,RI,7.884924083e-12,167.9,0,0
408,93.3,RI,2.220446049e-16,199.6,0,0
415,90.6,RI,7.884924083e-12,170.6,0,0
415,62.9,RI,7.884924083e-12,202.9,0,0
408,40.4,RI,2.220446049e-16,172.4,0,0
408,322.5,SC,1.000000000,204.6,0,0
510,297.9,SC,1.000000000,238.1,0,0
408,288,SC,1.000000000,255.8,0,0
510,259.4,SC,1.000000000,269.7,0,0
415,237.8,SC,1,208.9,0,0
408,237.8,SC,6.419546463e-11,223.5,0,0
408,229.9,SC,1.760723621e-11,144.4,0,0
415,226,SC,0.999999997,304.6,0,0
415,225.2,SC,1.484032756e-09,256.8,0,0
415,217.5,SC,2.220446049e-16,233.7,0,0
415,207.8,SC,1.812842601e-09,195.7,0,0
510,207.2,SC,2.220446049e-16,214.1,0,0
415,197.2,SC,2.220446049e-16,249.9,0,0
415,190.2,SC,2.220446049e-16,262.2,0,0
510,187.4,SC,2.220446049e-16,199.9,0,0
415,179.1,SC,2.220446049e-16,238.3,0,0
408,174.5,SC,2.220446049e-16,213.7,0,0
415,174.1,SC,2.220446049e-16,99.1,0,0
510,169.2,SC,2.220446049e-16,271.5,0,0
510,168.3,SC,2.220446049e-16,221.2,0,0
415,160.6,SC,2.220446049e-16,223.1,0,0
415,158.4,SC,1,188,0,0
510,157.1,SC,2.220446049e-16,172.4,0,0
415,153.6,SC,4.300213972e-10,216.9,0,0
408,153.5,SC,2.220446049e-16,251.7,0,0
408,150.1,SC,2.220446049e-16,264.7,0,0
415,147.8,SC,2.220446049e-16,276.8,0,0
415,146.6,SC,2.220446049e-16,172.8,0,0
415,144.8,SC,0.999999999,200.6,0,0
415,143.6,SC,2.220446049e-16,152.4,0,0
510,141.3,SC,2.330877008e-10,230.4,0,0
415,136.3,SC,2.220446049e-16,172.2,0,0
415,134.7,SC,2.220446049e-16,189.7,0,0
510,126.8,SC,9.053750003e-12,293.6,0,0
408,123.8,SC,1.873340415e-11,236.2,0,0
510,115.9,SC,4.483932263e-11,111.3,0,0
408,110.3,SC,2.220446049e-16,166.5,0,0
415,109.5,SC,2.220446049e-16,286.1,0,0
415,109.1,SC,2.220446049e-16,187.1,0,0
510,78.3,SC,2.220446049e-16,198.2,0,0
510,73.3,SC,1.000000000,161.4,0,0
408,52.2,SC,2.220446049e-16,220.1,0,0
408,39.5,SC,2.220446049e-16,264.3,0,0
408,29.9,SC,2.220446049e-16,129.1,0,0
510,19.5,SC,2.220446049e-16,140.9,0,0
510,328.1,SD,0.990993493,151.7,0,0
408,282.3,SD,4.741071447e-11,152,0,0
510,268.4,SD,0.698936433,222.2,0,0
415,251.6,SD,0.012816012,175.1,0,0
510,251.4,SD,0.342686155,196.6,0,0
415,247.4,SD,0.004251490,175.9,0,0
415,247.3,SD,0.003645362,182.7,0,0
415,245.5,SD,0.005970037,192.7,0,0
510,242.1,SD,0.011226295,191,0,0
415,240.2,SD,0.020668859,230.3,0,0
408,236.7,SD,2.220446049e-16,231.9,0,0
510,234.2,SD,0.963585419,293.1,0,0
415,227.2,SD,0.017099801,258.4,0,0
510,226.3,SD,0.691225003,274.3,0,0
415,223.9,SD,0.019331264,155.7,0,0
415,216.4,SD,0.007828222,249.7,0,0
415,215.6,SD,0.013040406,216.2,0,0
415,214,SD,0.011699660,180,0,0
408,209.8,SD,1.674010658e-13,194.5,0,0
510,206.5,SD,0.000741461,180.2,0,0
415,204.3,SD,0.020909456,188.8,0,0
408,200.2,SD,2.220446049e-16,118.7,0,0
415,197.4,SD,0.010543892,295.7,0,0
415,197.2,SD,0.035264506,188.5,0,0
510,196,SD,0.047442995,186,0,0
408,189.8,SD,1.000000000,123.4,0,0
510,187.9,SD,0.220571829,200.5,0,0
408,185.2,SD,2.220446049e-16,170.4,0,0
510,184.5,SD,8.070237344e-05,172,0,0
408,180.7,SD,2.220446049e-16,187.8,0,0
408,180.6,SD,1.839198822e-11,280.4,0,0
510,180.5,SD,0.026531329,224.1,0,0
415,179.4,SD,0.024130843,143,0,0
415,176.1,SD,0.041051525,199.7,0,0
415,175.9,SD,0.064541281,211.7,0,0
415,171.5,SD,0.044229751,153.1,0,0
415,168.6,SD,0.067545333,259.2,0,0
408,167.8,SD,1.658990903e-10,142,0,0
408,165.7,SD,2.220446049e-16,215.6,0,0
415,163.8,SD,0.014538348,255.6,0,0
408,163.6,SD,2.220446049e-16,283.4,0,0
415,153,SD,0.056324217,141.1,0,0
408,147.5,SD,2.220446049e-16,367.4,0,0.160000000
408,142.2,SD,2.220446049e-16,262.4,0,0
510,133.3,SD,0.000389035,184.1,0,0
415,129,SD,0.080040631,290,0,0
510,127.1,SD,0.000479801,247.7,0,0
415,125,SD,0.115326661,235.3,0,0
415,114.3,SD,0.115906274,190.3,0,0
510,94.2,SD,0.005110049,264.1,0,0
415,63.7,SD,0.345199145,195.8,0,0
415,0,SD,0.848097043,159.6,0,0
415,278.3,TN,4.370046680e-11,93.4,0,0
415,276.5,TN,1.000000000,195.6,0,0
415,272.5,TN,1.000000000,226.1,0,0
415,235.6,TN,2.220446049e-16,236.8,0,0
415,234.4,TN,8.397885484e-11,265.9,0,0
415,227.7,TN,2.220446049e-16,170,0,0
415,222.8,TN,2.273118253e-10,175.8,0,0
415,221,TN,2.220446049e-16,204.5,0,0
415,206.2,TN,2.220446049e-16,176.4,0,0
415,196.6,TN,2.220446049e-16,241.4,0,0
415,196.1,TN,2.220446049e-16,296.5,0,0
510,195.3,TN,4.061241914e-11,216.7,0,0
408,187.2,TN,2.143344585e-11,114.7,0,0
415,185.7,TN,2.220446049e-16,235.1,0,0
415,185,TN,2.220446049e-16,203.7,0,0
415,181.5,TN,2.220446049e-16,187,0,0
415,178.7,TN,2.220446049e-16,252.3,0,0
510,172,TN,2.220446049e-16,276.4,0,0
510,170.4,TN,2.220446049e-16,254.5,0,0
510,168.4,TN,8.781662147e-12,276,0,0
408,166,TN,2.143344585e-11,174.5,0,0
408,165.1,TN,2.143344585e-11,267,0,0
415,164.5,TN,2.220446049e-16,147.9,0,0
415,162.8,TN,2.220446049e-16,185,0,0
510,162.1,TN,1.000000000,171.8,0,0
510,161,TN,2.421693870e-11,244.9,0,0
415,160.9,TN,2.220446049e-16,251.2,0,0
415,149.7,TN,2.220446049e-16,182.2,0,0
510,149.3,TN,2.220446049e-16,200.2,0,0
408,147,TN,2.143344585e-11,162.3,0,0
415,141.9,TN,2.220446049e-16,228.9,0,0
415,141.3,TN,2.220446049e-16,253.6,0,0
415,133.1,TN,2.220446049e-16,206.5,0,0
510,126.3,TN,2.220446049e-16,141.6,0,0
415,125.3,TN,2.220446049e-16,167.6,0,0
510,119.3,TN,2.220446049e-16,185.1,0,0
415,119.2,TN,2.220446049e-16,228.4,0,0
510,103.1,TN,4.109714479e-11,275,0,0
408,101.4,TN,2.143344585e-11,249.1,0,0
415,77.6,TN,2.220446049e-16,207,0,0
510,326.5,TX,0.893904744,176.3,0,0
415,305.1,TX,0.704944353,188,0,0
408,302.7,TX,1.502975840e-10,240.5,0,0
408,286.4,TX,1.000000000,178.2,0,0
408,269.8,TX,1,228.8,0,0
415,263.1,TX,0.801181547,279.3,0,0
408,260.9,TX,2.220446049e-16,168.5,0,0
408,257.9,TX,2.220446049e-16,211.6,0,0
408,252,TX,1.224117883e-10,170.2,0,0
415,236.3,TX,0.470712034,195.9,0,0
415,232.8,TX,0.230041884,303.4,0,0
415,225.9,TX,0.492658249,299.1,0,0
415,224.4,TX,0.312386658,159.5,0,0
408,221.8,TX,4.441143635e-11,203.8,0,0
408,221.1,TX,2.220446049e-16,160.2,0,0
415,217.2,TX,0.399541563,303.4,0,0
510,210.6,TX,0.718936238,249.2,0,0
510,203.5,TX,0.392646144,200.3,0,0
415,203.4,TX,0.181427773,128.7,0,0
415,203.3,TX,0.376870053,259.9,0,0
408,200.3,TX,2.220446049e-16,201.2,0,0
510,196.4,TX,0.533118335,150.3,0,0
408,194.8,TX,6.237756049e-11,170.9,0,0
408,194.5,TX,2.220446049e-16,213.7,0,0
415,192,TX,0.210656050,239.1,0,0
415,190.9,TX,0.274047571,149.7,0,0
415,190.8,TX,0.066389973,261.3,0,0
415,189.2,TX,0.425612424,184.4,0,0
510,188.9,TX,0.651061402,203.9,0,0
415,187.9,TX,0.245347997,197,0,0
415,183.2,TX,0.250752366,209.4,0,0
415,182.1,TX,0.272459161,134.9,0,0
415,180.5,TX,0.085261316,134.7,0,0
510,178.9,TX,0.572420997,169.1,0,0
415,176.9,TX,0.173823778,90.7,0,0
408,176.4,TX,2.220446049e-16,158.8,0,0
510,172.9,TX,0.630607146,183,0,0
415,171.2,TX,0.206537755,145.7,0,0
415,169.1,TX,0.113834145,169.9,0,0
415,168,TX,0.126370162,192.4,0,0
415,161,TX,0.132092968,208,0,0
415,159.7,TX,0.084844296,216.7,0,0
408,156.7,TX,2.220446049e-16,236.5,0,0
415,155,TX,0.143378106,133.4,0,0
510,149,TX,0.351126415,49.2,0,0
510,144.2,TX,0.454027927,226.7,0,0
415,144,TX,0.055177196,135.8,0,0
415,143.7,TX,0.030663303,273,0,0
415,141.5,TX,0.020894758,263,0,0
510,139.8,TX,0.176251921,174.9,0,0
408,138.6,TX,2.220446049e-16,199,0,0
510,138.3,TX,0.323161903,236,0,0
415,130,TX,0.021362964,185.3,0,0
415,120.5,TX,0.013736878,189.7,0,0
415,119.7,TX,0.032846623,189.7,0,0
408,112.2,TX,2.220446049e-16,154.8,0,0
408,110.5,TX,2.220446049e-16,227.8,0,0
415,109.6,TX,0.035862561,137.6,0,0
510,92.8,TX,0.080217747,159.6,0,0
408,91.7,TX,2.220446049e-16,193.7,0,0
415,87.7,TX,0.008283543,278.2,0,0
510,81.9,TX,0.187256312,253.8,0,0
510,59.5,TX,0.035262779,257.2,0,0
415,285.7,UT,1,167.5,0,0
510,271.7,UT,2.330644824e-11,155.1,0,0
408,271.5,UT,2.220446049e-16,216.3,0,0
415,271.1,UT,1.000000000,237,0,0
408,263.4,UT,2.251610337e-11,235.5,0,0
415,261.8,UT,2.220446049e-16,220.6,0,0
415,258.8,UT,2.220446049e-16,129.5,0,0
510,243.5,UT,2.220446049e-16,236.8,0,0
415,236.5,UT,2.220446049e-16,117,0,0
415,232.9,UT,1.553619876e-09,152.1,0,0
510,230.6,UT,2.220446049e-16,189.1,0,0
415,230.6,UT,2.220446049e-16,224.1,0,0
408,229.8,UT,2.220446049e-16,147.9,0,0
510,219.9,UT,2.220446049e-16,222.1,0,0
415,215.5,UT,2.220446049e-16,241.8,0,0
415,213.9,UT,0.999999998,260.5,0,0
510,212.7,UT,2.220446049e-16,225.2,0,0
510,212.3,UT,2.220446049e-16,228.4,0,0
408,211.6,UT,2.220446049e-16,216.9,0,0
415,210.6,UT,2.220446049e-16,164.2,0,0
415,209.2,UT,2.220446049e-16,0,0,0
510,208.9,UT,2.220446049e-16,214.8,0,0
510,208.8,UT,2.366841383e-11,213.7,0,0
510,205.9,UT,2.220446049e-16,257.1,0,0
510,203,UT,2.220446049e-16,150.9,0,0
415,202.6,UT,2.220446049e-16,163,0,0
415,193.1,UT,2.220446049e-16,172.1,0,0
408,192.6,UT,1.362959132e-11,178.9,0,0
510,192.1,UT,2.613093649e-13,249.8,0,0
510,191.3,UT,2.220446049e-16,138.5,0,0
415,189.8,UT,2.220446049e-16,115.5,0,0
408,185,UT,2.220446049e-16,182.5,0,0
408,184.5,UT,2.220446049e-16,224,0,0
415,182.3,UT,2.220446049e-16,199.2,0,0
408,179.1,UT,2.220446049e-16,196.6,0,0
415,175.3,UT,1.057333454e-09,262.3,0,0
408,174,UT,1.000000000,209.4,0,0
415,166.5,UT,2.220446049e-16,183,0,0
415,165,UT,2.220446049e-16,249.7,0,0
415,164.9,UT,6.161242731e-11,210.4,0,0
408,163.7,UT,2.506127787e-11,113.2,0,0
415,160.2,UT,2.220446049e-16,267.5,0,0
415,157.9,UT,2.220446049e-16,259.6,0,0
510,155.2,UT,2.220446049e-16,235.3,0,0
510,154.5,UT,2.220446049e-16,216.2,0,0
415,149.4,UT,2.220446049e-16,131.8,0,0
415,146.3,UT,2.220446049e-16,171.8,0,0
408,145.8,UT,2.220446049e-16,192.2,0,0
510,145.3,UT,2.220446049e-16,303.8,0,0
415,130.1,UT,2.220446049e-16,196,0,0
415,129.9,UT,2.220446049e-16,230.1,0,0
415,128.2,UT,2.220446049e-16,171.7,0,0
510,123.8,UT,2.220446049e-16,319,0,0
415,118.2,UT,2.220446049e-16,167.2,0,0
415,118.1,UT,2.220446049e-16,109.6,0,0
415,115.8,UT,2.220446049e-16,243.3,0,0
408,112.8,UT,1.689097193e-11,243.9,0,0
510,95.5,UT,2.220446049e-16,163.7,0,0
415,89.7,UT,2.220446049e-16,179.8,0,0
510,87.2,UT,1.000000000,169.3,0,0
510,78.2,UT,4.663306772e-11,195.9,0,0
415,63.2,UT,2.220446049e-16,220.2,0,0
415,260.2,VA,2.220446049e-16,179.2,0,0
510,259.9,VA,5.227540579e-11,245,0,0
510,252.3,VA,1.000000000,207,0,0
415,251,VA,2.220446049e-16,91.2,0,0
408,239.9,VA,2.220446049e-16,253.8,0,0
415,235.6,VA,2.220446049e-16,194.8,0,0
415,235.2,VA,2.220446049e-16,220.6,0,0
415,224.7,VA,2.220446049e-16,192,0,0
415,223.2,VA,2.220446049e-16,216.5,0,0
415,222.8,VA,2.220446049e-16,203,0,0
408,222,VA,2.220446049e-16,187,0,0
415,217.1,VA,2.220446049e-16,241.5,0,0
415,216,VA,2.220446049e-16,153.7,0,0
408,211.2,VA,2.220446049e-16,231.1,0,0
415,209.9,VA,2.220446049e-16,249.8,0,0
510,205.6,VA,6.756153425e-13,169.5,0,0
415,205.5,VA,2.220446049e-16,298.5,0,0
415,205.4,VA,2.220446049e-16,134.9,0,0
408,204.6,VA,2.220446049e-16,205.2,0,0
415,202.9,VA,2.220446049e-16,178.6,0,0
408,200.2,VA,2.220446049e-16,244.4,0,0
408,199.2,VA,2.220446049e-16,126,0,0
408,198.8,VA,3.480894714e-10,238.6,0,0
408,198.5,VA,1.000000000,267.8,0,0
415,197,VA,2.220446049e-16,190.4,0,0
510,195.4,VA,4.982203054e-11,154.6,0,0
510,189.7,VA,2.220446049e-16,212.8,0,0
408,176.2,VA,2.220446049e-16,236,0,0
510,174.5,VA,2.220446049e-16,236.8,0,0
415,174.5,VA,2.220446049e-16,224.2,0,0
408,172.8,VA,2.220446049e-16,204.8,0,0
415,171.6,VA,2.220446049e-16,205,0,0
510,169.8,VA,2.803360979e-12,183.1,0,0
510,169.2,VA,2.220446049e-16,216.8,0,0
510,167.8,VA,2.230085525e-11,212.9,0,0
408,165.3,VA,2.220446049e-16,198.5,0,0
415,161.5,VA,2.220446049e-16,192.9,0,0
510,157.6,VA,2.253093577e-11,247,0,0
408,156.5,VA,2.220446049e-16,204.3,0,0
415,154.6,VA,2.220446049e-16,184.2,0,0
408,154.3,VA,2.220446049e-16,183,0,0
415,151,VA,2.220446049e-16,131.4,0,0
408,148.5,VA,1.000000000,219.4,0,0
510,144.9,VA,2.220446049e-16,151.3,0,0
408,142.3,VA,2.220446049e-16,158,0,0
510,139.8,VA,2.220446049e-16,138.2,0,0
415,138.9,VA,2.220446049e-16,208.9,0,0
408,138.7,VA,1.072665723e-10,256.9,0,0
415,134.1,VA,1.856945808e-10,195.1,0,0
415,132,VA,2.220446049e-16,197.5,0,0
408,131.5,VA,2.220446049e-16,230.2,0,0
415,130.2,VA,3.245810417e-10,278,0,0
510,128.3,VA,2.220446049e-16,215.3,0,0
415,123.3,VA,6.885778089e-11,170,0,0
510,110.1,VA,2.220446049e-16,169,0,0
510,110,VA,2.220446049e-16,141.5,0,0
408,104.6,VA,2.220446049e-16,149.5,0,0
415,99.9,VA,1.265327630e-11,263.5,0,0
415,99.6,VA,1.000000000,308.7,0,0
408,97.1,VA,6.217535014e-11,228,0,0
408,44.9,VA,2.220446049e-16,134.2,0,0
415,307.1,VT,0.811584494,289.4,0,0
415,275.8,VT,0.609375393,189.5,0,0
415,272.1,VT,0.395393942,268.5,0,0
408,260.4,VT,2.220446049e-16,208.2,0,0
415,254.1,VT,0.063775280,180.2,0,0
510,246.5,VT,2.220446049e-16,195.5,0,0
510,242.9,VT,2.220446049e-16,209.8,0,0
415,232.5,VT,0.306376468,181.8,0,0
415,231.7,VT,0.018656862,225.1,0,0
408,222.2,VT,2.220446049e-16,218.5,0,0
510,220.6,VT,2.220446049e-16,155.2,0,0
408,219.4,VT,3.224111536e-11,225.7,0,0
510,218.7,VT,2.220446049e-16,115,0,0
415,217.8,VT,0.423357749,220.6,0,0
415,215.9,VT,6.398586848e-06,257.9,0,0
510,214.6,VT,2.220446049e-16,96.6,0,0
415,214.3,VT,0.000400243,188.2,0,0
408,213,VT,2.220446049e-16,188.8,0,0
510,209.4,VT,2.220446049e-16,211.5,0,0
510,207.2,VT,2.220446049e-16,256,0,0
510,204.4,VT,5.135360889e-11,219.1,0,0
510,201.8,VT,2.220446049e-16,304.9,0,0
415,197.7,VT,0.000223364,136.7,0,0
510,190.7,VT,3.679353571e-11,218.2,0,0
510,190.4,VT,2.220446049e-16,215.6,0,0
408,186,VT,2.019738179e-13,262.3,0,0
510,179.3,VT,2.220446049e-16,225.9,0,0
415,178.4,VT,0.020347337,233.6,0,0
415,176.4,VT,0.008027684,224.9,0,0
415,175.1,VT,0.034940723,171.9,0,0
415,169.6,VT,2.029804760e-05,234.7,0,0
510,168.6,VT,3.014221935e-13,205.1,0,0
408,167.1,VT,1.000000000,177.5,0,0
415,160.6,VT,6.434907453e-06,237,0,0
415,158.8,VT,0.114315662,211.8,0,0
415,156.6,VT,6.199359472e-06,71,0,0
415,153.8,VT,0.008475728,234,0,0
408,151.8,VT,2.085670037e-11,209.9,0,0
415,151.7,VT,0.001713345,119,0,0
408,149.6,VT,1.823652164e-11,200.7,0,0
415,149.2,VT,1.676303919e-07,193.6,0,0
415,142.5,VT,0.139670785,208.3,0,0
415,138.1,VT,0.005217204,260.1,0,0
415,137.8,VT,0.031631427,286.3,0,0
510,136.8,VT,1.000000000,200.8,0,0
415,136.7,VT,0.001041292,243.1,0,0
415,136.2,VT,2.147663838e-08,220.9,0,0
415,129.4,VT,0.005070628,157.3,0,0
415,126.7,VT,0.000162408,155.5,0,0
408,124,VT,6.687481668e-12,202.9,0,0
408,118.7,VT,5.053782345e-12,205.1,0,0
415,112.7,VT,0.000202461,217.7,0,0
510,97.5,VT,4.523391319e-12,195.8,0,0
408,87.7,VT,2.220446049e-16,223,0,0
510,0,VT,1.021382206e-11,192.1,0,0
415,289.1,WA,0.829874676,233.8,0,0
408,285.7,WA,1.000000000,230.9,0,0
408,276.1,WA,1.000000000,201.1,0,0
408,274.3,WA,2.220446049e-16,52.9,0,0
408,270.5,WA,1,230,0,0
415,266.1,WA,0.285177601,225.2,0,0
510,265.2,WA,0.219734472,178.7,0,0
510,255.1,WA,0.543672025,266.9,0,0
510,246.8,WA,0.661722291,206.3,0,0
415,241.2,WA,0.529181667,174.3,0,0
415,240.1,WA,0.109889235,180.4,0,0
408,232.4,WA,3.853352922e-10,187.4,0,0
415,230.4,WA,0.108328356,257.4,0,0
415,221.4,WA,0.212259721,231.8,0,0
408,211.7,WA,2.220446049e-16,271.7,0,0
408,208.8,WA,2.220446049e-16,225.3,0,0
408,208.3,WA,2.220446049e-16,253.6,0,0
408,207.9,WA,2.220446049e-16,210.5,0,0
415,205.9,WA,0.480005212,277.4,0,0
415,205.1,WA,0.074040386,232.7,0,0
415,204.9,WA,0.595853965,135.2,0,0
408,191.1,WA,2.364209612e-10,282.8,0,0
415,184,WA,0.175834638,120.4,0,0
415,183.6,WA,0.544897924,152.6,0,0
510,176.6,WA,0.096423438,172.7,0,0
415,169.2,WA,0.660526694,173.3,0,0
408,167.8,WA,1,205.3,0,0
415,165,WA,0.029090940,127.3,0,0
415,161.3,WA,0.016788635,250.3,0,0
510,160.4,WA,0.215848168,285.9,0,0
415,157.4,WA,0.026705710,145,0,0
415,152.7,WA,0.033271355,257.5,0,0
408,152.6,WA,2.220446049e-16,208.9,0,0
510,152.2,WA,0.093199871,137.2,0,0
408,151.7,WA,2.220446049e-16,178.5,0,0
415,151.6,WA,0.004319115,219.4,0,0
510,150.5,WA,0.409959103,120.3,0,0
408,149.3,WA,2.220446049e-16,273.6,0,0
510,149.2,WA,0.044183070,161.9,0,0
415,148.2,WA,0.164682066,220.4,0,0
408,146.7,WA,2.220446049e-16,203.5,0,0
408,140.7,WA,2.220446049e-16,195.2,0,0
415,139.7,WA,0.074716591,202.6,0,0
510,137.9,WA,0.061583343,192.6,0,0
408,134.8,WA,2.220446049e-16,167.2,0,0
510,133.4,WA,0.182777155,223.9,0,0
510,130.9,WA,0.047001056,203.4,0,0
510,124.3,WA,0.232713088,270.7,0,0
510,113,WA,0.064070813,150.1,0,0
415,100,WA,0.014135142,173.5,0,0
510,90.4,WA,0.077263906,276.2,0,0
415,90.4,WA,0.030420372,201.3,0,0
510,78.6,WA,0.049848199,187.3,0,0
408,70.8,WA,1.000000000,215.6,0,0
415,326.3,WI,0.194738722,165.1,0,0
415,281,WI,0.113632878,160.6,0,0
510,279.8,WI,0.641287332,248.7,0,0
415,264.3,WI,0.023942855,160.9,0,0
510,248.6,WI,0.148317419,119.3,0,0
415,248.6,WI,0.344878876,174.9,0,0
415,244.9,WI,0.567939237,219.6,0,0
510,241.7,WI,0.253896770,142,0,0
415,239.9,WI,0.056883926,142.3,0,0
408,239.8,WI,2.220446049e-16,285.9,0,0
408,237.3,WI,2.220446049e-16,154,0,0
510,232.1,WI,0.541780468,168.2,0,0
510,229.6,WI,0.143257084,205.7,0,0
510,224.7,WI,0.406332684,294,0,0
415,218.5,WI,0.024044248,196.7,0,0
510,217.9,WI,0.019419176,230.1,0,0
408,216.6,WI,2.220446049e-16,173.1,0,0
510,214.2,WI,0.022260051,181.2,0,0
415,214.2,WI,0.019209268,196.8,0,0
415,208.7,WI,0.111817852,173.3,0,0
415,205,WI,0.015455298,165.4,0,0
408,202.9,WI,4.391851476e-11,153.8,0,0
415,200.9,WI,0.028406712,164.3,0,0
415,200.4,WI,0.011909894,272.8,0,0
408,200.3,WI,2.220446049e-16,253.6,0,0
408,197.8,WI,2.220446049e-16,221,0,0
510,194.3,WI,0.010817342,123.6,0,0
408,186.8,WI,2.220446049e-16,253.4,0,0
415,180.2,WI,0.023687190,97.7,0,0
408,179.9,WI,2.220446049e-16,149.8,0,0
408,177.4,WI,2.220446049e-16,240.3,0,0
510,177.1,WI,0.039999599,194,0,0
408,177.1,WI,1.064594622e-10,114.7,0,0
510,173.9,WI,0.099284763,276.4,0,0
510,172.7,WI,0.048618019,133.4,0,0
415,172.2,WI,0.020065565,162.6,0,0
415,166.2,WI,0.105652619,238.8,0,0
510,166,WI,0.003126937,233.9,0,0
510,159.5,WI,0.354187043,275.5,0,0
415,157.7,WI,0.004692361,298.6,0,0
415,157.1,WI,0.001463653,268.8,0,0
415,156.4,WI,0.013732356,171,0,0
408,156,WI,2.220446049e-16,276.1,0,0
510,155.5,WI,0.241373821,133.1,0,0
408,154.7,WI,1.000000000,177.8,0,0
510,154.2,WI,9.623010088e-06,268.6,0,0
510,154,WI,0.001037631,225.8,0,0
510,152.2,WI,0.002937681,227.1,0,0
415,152.1,WI,0.003240586,215.5,0,0
415,148.8,WI,0.018451452,246.5,0,0
408,147.7,WI,2.220446049e-16,222.7,0,0
415,137.1,WI,0.006790075,155.7,0,0
415,126.9,WI,0.282524466,166.9,0,0
408,112.8,WI,1.896803195e-12,218.8,0,0
510,109.1,WI,0.015854856,142.3,0,0
510,89.7,WI,0.006201701,138.6,0,0
408,87,WI,2.220446049e-16,193.6,0,0
415,86.3,WI,0.005041676,238.7,0,0
408,80.2,WI,6.290258083e-12,219,0,0
415,69.1,WI,0.000285940,101.3,0,0
415,62.3,WI,0.001288479,275,0,0
408,61.3,WI,2.278608366e-11,194.4,0,0
415,7.9,WI,0.000223815,136.4,0,0
415,312,WV,0.999999999,180,0,0
408,266.7,WV,7.884924083e-12,232.3,0,0
415,261.4,WV,2.220446049e-16,154.5,0,0
415,258.6,WV,2.220446049e-16,222,0,0
415,244.9,WV,1.744655091e-09,118,0,0
415,240.3,WV,2.220446049e-16,162.5,0,0
415,236.6,WV,2.220446049e-16,197.5,0,0
415,236.5,WV,2.220446049e-16,163.1,0,0
408,235.6,WV,7.884924083e-12,227.9,0,0
408,234.8,WV,7.884924083e-12,199.2,0,0
415,231.1,WV,1.089982844e-09,153.4,0,0
408,230.2,WV,7.884924083e-12,186.7,0,0
510,228.1,WV,0.080461884,276.5,0,0
415,225.9,WV,2.220446049e-16,162.8,0,0
408,225,WV,7.884924083e-12,176.9,0,0
510,224.3,WV,0.039463272,185.7,0,0
415,222.3,WV,7.742891153e-10,146.2,0,0
408,216,WV,7.884924083e-12,225.1,0,0
415,214.8,WV,2.220446049e-16,131,0,0
510,214.3,WV,0.005760336,208.5,0,0
408,211.9,WV,7.884924083e-12,274.4,0,0
415,211.7,WV,2.220446049e-16,198.7,0,0
510,206.2,WV,0.004432133,260,0,0
415,205.7,WV,2.220446049e-16,161.9,0,0
510,202.8,WV,0.289488186,165.8,0,0
415,201.1,WV,2.220446049e-16,303.5,0,0
415,200.4,WV,2.220446049e-16,131.1,0,0
510,198.4,WV,0.018891779,249.5,0,0
415,198,WV,2.220446049e-16,273.7,0,0
510,197.1,WV,0.448103189,214.5,0,0
415,196.1,WV,2.220446049e-16,185.5,0,0
510,195.7,WV,0.327895171,106.2,0,0
510,192.6,WV,0.008169624,206.4,0,0
415,191.9,WV,0.999999999,70.9,0,0
415,191.4,WV,2.220446049e-16,168.5,0,0
510,189.7,WV,0.022863042,115.9,0,0
415,189.5,WV,2.220446049e-16,103.8,0,0
510,184.8,WV,0.026373037,175.1,0,0
510,184,WV,0.013590479,76.4,0,0
415,180,WV,2.220446049e-16,229,0,0
510,177.2,WV,0.016785811,123.5,0,0
510,176.8,WV,0.320269003,187.5,0,0
415,175.7,WV,2.220446049e-16,184.6,0,0
415,175.2,WV,2.220446049e-16,244.4,0,0
408,175.1,WV,7.884924083e-12,216.9,0,0
408,174.4,WV,7.884924083e-12,156.3,0,0
415,169.8,WV,2.220446049e-16,197.7,0,0
408,169.3,WV,7.884924083e-12,139.5,0,0
415,168.4,WV,2.220446049e-16,243.8,0,0
408,167.8,WV,7.884924083e-12,167.7,0,0
415,166,WV,2.220446049e-16,236.1,0,0
510,162.3,WV,0.055372070,244,0,0
408,162,WV,7.884924083e-12,241.2,0,0
415,161.9,WV,2.220446049e-16,200.9,0,0
415,159.1,WV,2.220446049e-16,202.5,0,0
415,157.4,WV,2.220446049e-16,167.8,0,0
510,156.6,WV,0.014890526,161.5,0,0
510,146.8,WV,0.307653275,285.6,0,0
408,146.8,WV,7.884924083e-12,171.7,0,0
415,146.4,WV,2.220446049e-16,148.5,0,0
408,143.7,WV,7.884924083e-12,170.7,0,0
415,141.7,WV,2.220446049e-16,221,0,0
415,141.6,WV,2.220446049e-16,207.9,0,0
415,136.4,WV,2.220446049e-16,202.5,0,0
415,134.4,WV,2.220446049e-16,152.4,0,0
510,132.9,WV,0.072728482,67,0,0
415,129.4,WV,2.220446049e-16,185.4,0,0
408,128.7,WV,7.884924083e-12,169.5,0,0
415,124.3,WV,2.220446049e-16,173.4,0,0
510,124,WV,0.020196772,262.1,0,0
415,123,WV,2.220446049e-16,133.9,0,0
510,112,WV,0.023894790,208,0,0
415,111.7,WV,2.220446049e-16,237.3,0,0
510,109.4,WV,0.057503727,101.3,0,0
510,105,WV,0.089644124,121.8,0,0
415,103.3,WV,2.220446049e-16,129.1,0,0
510,96.6,WV,0.580532398,315.4,0,0
415,92.7,WV,2.220446049e-16,127.8,0,0
415,91.9,WV,2.220446049e-16,198.4,0,0
408,86,WV,7.884924083e-12,260.7,0,0
415,78.5,WV,2.220446049e-16,210.5,0,0
510,72.5,WV,0.147855664,204,0,0
510,67.7,WV,0.007181228,195.7,0,0
408,64.9,WV,7.884924083e-12,184.1,0,0
415,58,WV,2.220446049e-16,67.5,0,0
510,296,WY,1.000000000,226.4,0,0
415,263.4,WY,0.189457275,230.3,0,0
415,260.8,WY,0.218932336,213.4,0,0
415,251.5,WY,0.125542904,212.8,0,0
510,247.5,WY,2.220446049e-16,108.5,0,0
415,246.4,WY,0.175814310,160.3,0,0
415,243.7,WY,0.076248455,60,0,0
408,243,WY,2.143344585e-11,191.8,0,0
510,242.2,WY,1.000000000,226.1,0,0
415,242.2,WY,0.599492761,226.1,0,0
510,235.9,WY,6.618354020e-11,80.6,0,0
415,231.2,WY,0.074225362,188.7,0,0
415,227.5,WY,0.154092946,234.9,0,0
510,223.8,WY,2.220446049e-16,244.8,0,0
415,222.2,WY,0.318246891,162.5,0,0
510,221,WY,2.220446049e-16,151,0,0
415,213.9,WY,0.121593135,239.8,0,0
408,213,WY,2.143344585e-11,191.1,0,0
510,210.1,WY,2.220446049e-16,248.9,0,0
415,207.2,WY,0.111377045,292.5,0,0
408,207,WY,2.143344585e-11,167.4,0,0
415,206.2,WY,0.046649514,232.4,0,0
408,200.7,WY,2.143344585e-11,264.2,0,0
408,197.6,WY,2.143344585e-11,246.5,0,0
510,195.4,WY,1.271639996e-10,212.1,0,0
415,192.8,WY,0.210974134,234.4,0,0
415,189.6,WY,0.075831508,267.4,0,0
415,187.8,WY,0.040185807,248.6,0,0
408,183.6,WY,2.143344585e-11,120.7,0,0
415,182.7,WY,0.058854975,246.5,0,0
415,180.7,WY,0.095995997,173.7,0,0
415,180.4,WY,0.034135984,194,0,0
415,178.3,WY,0.135651088,235,0,0
415,175.4,WY,0.026731868,159.5,0,0
415,174.7,WY,0.384270876,280.8,0,0
415,172.4,WY,0.026221101,230.5,0,0
415,170.2,WY,0.022379924,187.5,0,0
415,167.4,WY,0.025006432,143.8,0,0
408,166.9,WY,2.143344585e-11,273.2,0,0
510,160.6,WY,2.220446049e-16,163.2,0,0
510,160.1,WY,2.220446049e-16,210,0,0
510,155,WY,2.220446049e-16,330.6,0,0
415,154.1,WY,0.063941365,118.7,0,0
415,151,WY,0.286465232,219.7,0,0
415,147.1,WY,0.016182674,199.7,0,0
408,146.3,WY,2.143344585e-11,255.9,0,0
408,144,WY,2.143344585e-11,224.7,0,0
408,143.9,WY,2.143344585e-11,210.3,0,0
510,143.7,WY,2.220446049e-16,297.8,0,0
415,140.1,WY,0.035638950,209.6,0,0
415,138.7,WY,0.063751007,215.4,0,0
415,137,WY,0.044745755,217,0,0
415,133.2,WY,0.015897988,217.2,0,0
408,128.8,WY,2.143344585e-11,208.7,0,0
510,125.4,WY,2.220446049e-16,269.1,0,0
415,119.3,WY,0.033123841,223.9,0,0
415,115.4,WY,0.049864273,209.9,0,0
408,109,WY,2.143344585e-11,265.8,0,0
415,102.8,WY,0.029471862,281.7,0,0
415,95.9,WY,0.009464182,159.5,0,0
408,94.8,WY,2.143344585e-11,219.1,0,0
415,25.9,WY,0.003540243,206.5,0,0
